id,binsize,name,file_path,value_type,dataset_id,intervals_id
69979,2000,5ce938e319064b8daf224d0191114542_line.npy,/code/temp/5ce938e319064b8daf224d0191114542_line.npy,line,18,1448
69986,1000,b5f8b3056f3c4175a989a558b8eaf410_line.npy,/code/temp/b5f8b3056f3c4175a989a558b8eaf410_line.npy,line,18,1448
70046,5000,326fe2cdf2a04055b089a706132d69f6.npy,/code/temp/326fe2cdf2a04055b089a706132d69f6.npy,ICCF,477,1448
70050,5000,4648fe22e6624d73812c3cdd5e85c422.npy,/code/temp/4648fe22e6624d73812c3cdd5e85c422.npy,Obs/Exp,477,1448
70169,2000,c8fa9d08787b444eb9a341f7c8b27465_line.npy,/code/temp/c8fa9d08787b444eb9a341f7c8b27465_line.npy,line,319,1448
70173,1000,93cc11a9355d4159aad70133459f6a8f_line.npy,/code/temp/93cc11a9355d4159aad70133459f6a8f_line.npy,line,319,1448
70175,2000,a4e9f194b28b462b99f4eb776468d269_line.npy,/code/temp/a4e9f194b28b462b99f4eb776468d269_line.npy,line,320,1448
70178,1000,21e5503f02204ba3b34ef4c25bbbd746_line.npy,/code/temp/21e5503f02204ba3b34ef4c25bbbd746_line.npy,line,320,1448
70205,2000,4f62b9612f984e389b28ae3aac919ac9_line.npy,/code/temp/4f62b9612f984e389b28ae3aac919ac9_line.npy,line,10,1448
70210,1000,7923ba8db62c4134ab62e4c4711d42cb_line.npy,/code/temp/7923ba8db62c4134ab62e4c4711d42cb_line.npy,line,10,1448
70217,2000,f09c4e63a4ae4249b319993633740881_line.npy,/code/temp/f09c4e63a4ae4249b319993633740881_line.npy,line,11,1448
70218,1000,b8eff0ebc7d1425291b9fe520f51c0ff_line.npy,/code/temp/b8eff0ebc7d1425291b9fe520f51c0ff_line.npy,line,11,1448
70225,2000,8d683596296740b695381d2641571165_line.npy,/code/temp/8d683596296740b695381d2641571165_line.npy,line,163,1448
70229,1000,8d262f21cb48404a935d5c76ce87b6f0_line.npy,/code/temp/8d262f21cb48404a935d5c76ce87b6f0_line.npy,line,163,1448
70233,2000,e3a2336e9f0144578143487901675530_line.npy,/code/temp/e3a2336e9f0144578143487901675530_line.npy,line,165,1448
70235,1000,8ddb8728872f4b76bc3f8926ba9c0564_line.npy,/code/temp/8ddb8728872f4b76bc3f8926ba9c0564_line.npy,line,165,1448
70239,2000,14ddfc3e13394b0abeef9248783acc3c_line.npy,/code/temp/14ddfc3e13394b0abeef9248783acc3c_line.npy,line,460,1448
70243,2000,dc9e618d68c54fca9bc33fc3ac2c1db4_line.npy,/code/temp/dc9e618d68c54fca9bc33fc3ac2c1db4_line.npy,line,461,1448
70246,1000,8c82af3121b24cacbea5688b67aea12d_line.npy,/code/temp/8c82af3121b24cacbea5688b67aea12d_line.npy,line,460,1448
70249,2000,d1fca23608614364975a7de9e00bf829_line.npy,/code/temp/d1fca23608614364975a7de9e00bf829_line.npy,line,462,1448
70254,2000,a198c61de0a943b6ab1f5b03948f39dc_line.npy,/code/temp/a198c61de0a943b6ab1f5b03948f39dc_line.npy,line,466,1448
70258,1000,cc423de69fea4fc0b16cb3c499ee6b91_line.npy,/code/temp/cc423de69fea4fc0b16cb3c499ee6b91_line.npy,line,461,1448
70261,2000,3ec867d87b464f79a18c3835e4eb2e75_line.npy,/code/temp/3ec867d87b464f79a18c3835e4eb2e75_line.npy,line,467,1448
70267,1000,ed333f4bd6eb469c9ad0b842e59ebaa6_line.npy,/code/temp/ed333f4bd6eb469c9ad0b842e59ebaa6_line.npy,line,462,1448
70273,1000,73184b3079394d86b22137434766383a_line.npy,/code/temp/73184b3079394d86b22137434766383a_line.npy,line,466,1448
70278,1000,b563375165e54a5c98de35982a82736b_line.npy,/code/temp/b563375165e54a5c98de35982a82736b_line.npy,line,467,1448
70331,5000,2b9c46d69cab4026af4e3ccab2a6cfa0.npy,/code/temp/2b9c46d69cab4026af4e3ccab2a6cfa0.npy,ICCF,146,1448
70334,5000,0315fb8ac56740c5868ec70e41940c75.npy,/code/temp/0315fb8ac56740c5868ec70e41940c75.npy,Obs/Exp,146,1448
78907,2000,668803c868354d478c565ca40aef806f.npy,/code/temp/668803c868354d478c565ca40aef806f.npy,ICCF,146,1448
78936,2000,ac6d0b6a3fd84a5783467b0ff05235b8.npy,/code/temp/ac6d0b6a3fd84a5783467b0ff05235b8.npy,Obs/Exp,146,1448
79111,2000,6f840d74171d444f8e3ad7a5bd5d359e_line.npy,/code/temp/6f840d74171d444f8e3ad7a5bd5d359e_line.npy,line,571,1448
79112,1000,1614c2b28beb4eedb90526ba795362fc_line.npy,/code/temp/1614c2b28beb4eedb90526ba795362fc_line.npy,line,571,1448
79192,2000,05247e289f4646a1a99c32025bb92ce5_line.npy,/code/temp/05247e289f4646a1a99c32025bb92ce5_line.npy,line,573,1448
79197,1000,6a6454b491884171ae706ddaed04c508_line.npy,/code/temp/6a6454b491884171ae706ddaed04c508_line.npy,line,573,1448
69977,10000,69e2ef03d77a48a48a0db1f5a329be39_line.npy,/code/temp/69e2ef03d77a48a48a0db1f5a329be39_line.npy,line,18,1449
69980,5000,80bbdeb74279447cb8fc3b36773c9cc8_line.npy,/code/temp/80bbdeb74279447cb8fc3b36773c9cc8_line.npy,line,18,1449
69981,2000,5b7fef9c572a4fabbaafda8840fe90d2_line.npy,/code/temp/5b7fef9c572a4fabbaafda8840fe90d2_line.npy,line,18,1449
70053,5000,bdb5af99143141609b6c0483903dae09.npy,/code/temp/bdb5af99143141609b6c0483903dae09.npy,ICCF,477,1449
70055,5000,dddb40e0a6cf4895a49f134b337ca0c9.npy,/code/temp/dddb40e0a6cf4895a49f134b337ca0c9.npy,Obs/Exp,477,1449
70158,10000,0b5061a5166a4ba58b896e89380aac67_line.npy,/code/temp/0b5061a5166a4ba58b896e89380aac67_line.npy,line,319,1449
70162,5000,2024cc75d20742e08d4c6057f15b879a_line.npy,/code/temp/2024cc75d20742e08d4c6057f15b879a_line.npy,line,319,1449
70166,10000,b92b254c8c3d4056a3518381abe03853_line.npy,/code/temp/b92b254c8c3d4056a3518381abe03853_line.npy,line,320,1449
70170,5000,1d83dd8125664e6d96db7c8d2ba600ee_line.npy,/code/temp/1d83dd8125664e6d96db7c8d2ba600ee_line.npy,line,320,1449
70179,2000,b522dc49d61a435a9cbd7d84df519670_line.npy,/code/temp/b522dc49d61a435a9cbd7d84df519670_line.npy,line,319,1449
70181,2000,70ad76def31b4712ac67e1bdcf01d0b7_line.npy,/code/temp/70ad76def31b4712ac67e1bdcf01d0b7_line.npy,line,320,1449
70204,10000,e2336d37095149b0b29353c3c8e86f94_line.npy,/code/temp/e2336d37095149b0b29353c3c8e86f94_line.npy,line,10,1449
70208,5000,b1f07c2735044d11b6766a1b26f4048c_line.npy,/code/temp/b1f07c2735044d11b6766a1b26f4048c_line.npy,line,10,1449
70209,2000,315661d41fc24014a753b416896b8d93_line.npy,/code/temp/315661d41fc24014a753b416896b8d93_line.npy,line,10,1449
70213,10000,c41211312f874c9db71f3e1351c75c0a_line.npy,/code/temp/c41211312f874c9db71f3e1351c75c0a_line.npy,line,11,1449
70216,5000,59ff8d5dc93a433384276bec505e1e9c_line.npy,/code/temp/59ff8d5dc93a433384276bec505e1e9c_line.npy,line,11,1449
70220,2000,543f4d153bae4d1ea8bd4515cdc66f3c_line.npy,/code/temp/543f4d153bae4d1ea8bd4515cdc66f3c_line.npy,line,11,1449
70222,10000,6c5e81d217454ca2bd83608139b48eee_line.npy,/code/temp/6c5e81d217454ca2bd83608139b48eee_line.npy,line,163,1449
70227,5000,bdd685d8efa34f84ad9c27dd24a2683a_line.npy,/code/temp/bdd685d8efa34f84ad9c27dd24a2683a_line.npy,line,163,1449
70230,2000,7072d5361ce943b78d6f1cdf96fd2211_line.npy,/code/temp/7072d5361ce943b78d6f1cdf96fd2211_line.npy,line,163,1449
70234,10000,756bfc1b1b70442cb0b16de6ef7d8a35_line.npy,/code/temp/756bfc1b1b70442cb0b16de6ef7d8a35_line.npy,line,165,1449
70238,5000,bd27afd2cd024218a564716233bd13eb_line.npy,/code/temp/bd27afd2cd024218a564716233bd13eb_line.npy,line,165,1449
70240,2000,8c484486175a4909999639022f579f52_line.npy,/code/temp/8c484486175a4909999639022f579f52_line.npy,line,165,1449
70241,10000,a11c8da7458e4e9e8d7fd8fc8b7559ab_line.npy,/code/temp/a11c8da7458e4e9e8d7fd8fc8b7559ab_line.npy,line,460,1449
70244,5000,4983f984cb3a4caf95990c812bac6d62_line.npy,/code/temp/4983f984cb3a4caf95990c812bac6d62_line.npy,line,460,1449
70245,10000,f16411652ebe48c1984f89e6d447307a_line.npy,/code/temp/f16411652ebe48c1984f89e6d447307a_line.npy,line,461,1449
70248,2000,9cf355280a4b4d2b99d4fa2fee7fe46b_line.npy,/code/temp/9cf355280a4b4d2b99d4fa2fee7fe46b_line.npy,line,460,1449
70250,5000,56e51184789249f7b5acdd319cd8abcb_line.npy,/code/temp/56e51184789249f7b5acdd319cd8abcb_line.npy,line,461,1449
70251,10000,45266164c14f44889adf784d5a2e437a_line.npy,/code/temp/45266164c14f44889adf784d5a2e437a_line.npy,line,462,1449
70253,2000,e8e56d064b7743349991119330361ec4_line.npy,/code/temp/e8e56d064b7743349991119330361ec4_line.npy,line,461,1449
70255,10000,d8fca6f2acab4bad8241383a4a0e381a_line.npy,/code/temp/d8fca6f2acab4bad8241383a4a0e381a_line.npy,line,466,1449
70256,5000,7e61b5fbd761405cbb6fceb37e903335_line.npy,/code/temp/7e61b5fbd761405cbb6fceb37e903335_line.npy,line,462,1449
70259,2000,23ca5cb1aa04460992edda4fd6712af7_line.npy,/code/temp/23ca5cb1aa04460992edda4fd6712af7_line.npy,line,462,1449
70260,10000,33ee0444d7424b38b9b492c2fccdaed6_line.npy,/code/temp/33ee0444d7424b38b9b492c2fccdaed6_line.npy,line,467,1449
70263,5000,94b2794b842d4dffbdf2392b5754cdbf_line.npy,/code/temp/94b2794b842d4dffbdf2392b5754cdbf_line.npy,line,466,1449
70265,2000,d5da316d0eae47269c2f60482563fdde_line.npy,/code/temp/d5da316d0eae47269c2f60482563fdde_line.npy,line,466,1449
70266,5000,b5165add6b0045b0b52c979c1feca99d_line.npy,/code/temp/b5165add6b0045b0b52c979c1feca99d_line.npy,line,467,1449
70270,2000,4b3d1d25e752421da3bfdc4b6f655193_line.npy,/code/temp/4b3d1d25e752421da3bfdc4b6f655193_line.npy,line,467,1449
70330,5000,dc9c411a38b84f60a57380086447d3c7.npy,/code/temp/dc9c411a38b84f60a57380086447d3c7.npy,ICCF,146,1449
70332,5000,a9b00bc65ddc49afa7e9cbf13cda9dcd.npy,/code/temp/a9b00bc65ddc49afa7e9cbf13cda9dcd.npy,Obs/Exp,146,1449
79107,10000,dcb4738e519a4b32ab028e5a29ce38d9_line.npy,/code/temp/dcb4738e519a4b32ab028e5a29ce38d9_line.npy,line,571,1449
79108,5000,46be4d0970ea42abb034e185be4cbd0f_line.npy,/code/temp/46be4d0970ea42abb034e185be4cbd0f_line.npy,line,571,1449
79115,2000,84ba207e04fe4d0fa1930f14a54c0608_line.npy,/code/temp/84ba207e04fe4d0fa1930f14a54c0608_line.npy,line,571,1449
79190,10000,990165b6a0724bfe9b1746107c0ecd2c_line.npy,/code/temp/990165b6a0724bfe9b1746107c0ecd2c_line.npy,line,573,1449
79193,5000,bce394c8d77f417bb95284a86aa3f4ba_line.npy,/code/temp/bce394c8d77f417bb95284a86aa3f4ba_line.npy,line,573,1449
79194,2000,6a343b2edee54084969eee864a1d84bf_line.npy,/code/temp/6a343b2edee54084969eee864a1d84bf_line.npy,line,573,1449
69982,10000,cab8ced07cc9486891065126dc550d8c_line.npy,/code/temp/cab8ced07cc9486891065126dc550d8c_line.npy,line,18,1450
69983,20000,038f9b3cf43a43158453a337674ca0eb_line.npy,/code/temp/038f9b3cf43a43158453a337674ca0eb_line.npy,line,18,1450
69985,5000,9c1c5f4c2a00498bb41e5e18e0db111b_line.npy,/code/temp/9c1c5f4c2a00498bb41e5e18e0db111b_line.npy,line,18,1450
70059,10000,491a83ff467b44af83c19a1b11a65269.npy,/code/temp/491a83ff467b44af83c19a1b11a65269.npy,ICCF,477,1450
70063,10000,7d589472af314686b56f10d0669f9daa.npy,/code/temp/7d589472af314686b56f10d0669f9daa.npy,Obs/Exp,477,1450
70161,20000,89770458622b4550a6c7da62b037520b_line.npy,/code/temp/89770458622b4550a6c7da62b037520b_line.npy,line,319,1450
70167,10000,bca7b34cb7c74dc4832dec6282a2d74f_line.npy,/code/temp/bca7b34cb7c74dc4832dec6282a2d74f_line.npy,line,319,1450
70172,20000,1c4836f726164ae6bb302fb9afc33149_line.npy,/code/temp/1c4836f726164ae6bb302fb9afc33149_line.npy,line,320,1450
70176,10000,bf6aab1b1a2148e8a1071b45925d25a9_line.npy,/code/temp/bf6aab1b1a2148e8a1071b45925d25a9_line.npy,line,320,1450
70177,5000,9f3e61aa8fdf48c3be947ba74107ecbc_line.npy,/code/temp/9f3e61aa8fdf48c3be947ba74107ecbc_line.npy,line,319,1450
70182,5000,9263ef5d7b0548dc83d711eb33388361_line.npy,/code/temp/9263ef5d7b0548dc83d711eb33388361_line.npy,line,320,1450
70206,10000,af28d92662554deabc208570d6c148ec_line.npy,/code/temp/af28d92662554deabc208570d6c148ec_line.npy,line,10,1450
70207,20000,c6d66898e1b44c22808b7c618dacfac3_line.npy,/code/temp/c6d66898e1b44c22808b7c618dacfac3_line.npy,line,10,1450
70212,5000,bf953016e5bb473d81416bc70809eae6_line.npy,/code/temp/bf953016e5bb473d81416bc70809eae6_line.npy,line,10,1450
70215,20000,22248938db4e4e3aade6b553fb2bc3bc_line.npy,/code/temp/22248938db4e4e3aade6b553fb2bc3bc_line.npy,line,11,1450
70219,10000,0f84aa42a6334f52a9088031a1cdd66e_line.npy,/code/temp/0f84aa42a6334f52a9088031a1cdd66e_line.npy,line,11,1450
70224,20000,505bd6093b0d421c910154d9b40bd7fe_line.npy,/code/temp/505bd6093b0d421c910154d9b40bd7fe_line.npy,line,163,1450
70226,5000,4a669d3a566249b09693e1ca997aa58d_line.npy,/code/temp/4a669d3a566249b09693e1ca997aa58d_line.npy,line,11,1450
70228,10000,25dac0c27894437b8fdf4edde945d68f_line.npy,/code/temp/25dac0c27894437b8fdf4edde945d68f_line.npy,line,163,1450
70237,5000,19e554347b9c461f9677507aa35457d9_line.npy,/code/temp/19e554347b9c461f9677507aa35457d9_line.npy,line,163,1450
70262,20000,d77fd74774c04a75a8b23e94021ee1fb_line.npy,/code/temp/d77fd74774c04a75a8b23e94021ee1fb_line.npy,line,165,1450
70264,10000,1f78f9ea07f64a20b2474b7604233fa1_line.npy,/code/temp/1f78f9ea07f64a20b2474b7604233fa1_line.npy,line,165,1450
70268,20000,a069b5fe3c704964bae47e0dbcdb0283_line.npy,/code/temp/a069b5fe3c704964bae47e0dbcdb0283_line.npy,line,460,1450
70269,10000,be25f6c2c38442b199c54b7f68aee0d9_line.npy,/code/temp/be25f6c2c38442b199c54b7f68aee0d9_line.npy,line,460,1450
70271,5000,d22bb5d508224c9bbb4b0c77b13c319b_line.npy,/code/temp/d22bb5d508224c9bbb4b0c77b13c319b_line.npy,line,165,1450
70272,20000,ea34f3a755104c7ea53d007bcadb1d3b_line.npy,/code/temp/ea34f3a755104c7ea53d007bcadb1d3b_line.npy,line,461,1450
70274,10000,0719e260c4864882a28cab96f638f98e_line.npy,/code/temp/0719e260c4864882a28cab96f638f98e_line.npy,line,461,1450
70275,20000,569c640bbbb440719f838c593a763e7c_line.npy,/code/temp/569c640bbbb440719f838c593a763e7c_line.npy,line,462,1450
70276,10000,a538109bbca04f56a71cb5c31ece5cb0_line.npy,/code/temp/a538109bbca04f56a71cb5c31ece5cb0_line.npy,line,462,1450
70277,5000,77cb439d95714eb49520957167d96bf5_line.npy,/code/temp/77cb439d95714eb49520957167d96bf5_line.npy,line,460,1450
70279,20000,fa2967c3d515482eb7b95d652f2fd4b6_line.npy,/code/temp/fa2967c3d515482eb7b95d652f2fd4b6_line.npy,line,466,1450
70280,10000,47c18ed4147941f3b82351b4fdfbeae7_line.npy,/code/temp/47c18ed4147941f3b82351b4fdfbeae7_line.npy,line,466,1450
70281,20000,427bc28e05bc43d9898fc875ff5b7473_line.npy,/code/temp/427bc28e05bc43d9898fc875ff5b7473_line.npy,line,467,1450
70282,5000,997a32d9dc394dbd9473e8230ff53b44_line.npy,/code/temp/997a32d9dc394dbd9473e8230ff53b44_line.npy,line,461,1450
70283,10000,0cc1c664a8864bf1a72325a2bc80a661_line.npy,/code/temp/0cc1c664a8864bf1a72325a2bc80a661_line.npy,line,467,1450
70284,5000,e8d81b6f60d44c5db50ffeade624e5ee_line.npy,/code/temp/e8d81b6f60d44c5db50ffeade624e5ee_line.npy,line,462,1450
70285,5000,180c215365864562ae565ae80505717c_line.npy,/code/temp/180c215365864562ae565ae80505717c_line.npy,line,466,1450
70287,5000,a2264486142e4d7eaccc8c35adde0c84_line.npy,/code/temp/a2264486142e4d7eaccc8c35adde0c84_line.npy,line,467,1450
70329,10000,f9f95e0aa991499997f0be543df2717d.npy,/code/temp/f9f95e0aa991499997f0be543df2717d.npy,ICCF,146,1450
70333,10000,4c9b77708d0d46238ba74708a9b2f510.npy,/code/temp/4c9b77708d0d46238ba74708a9b2f510.npy,Obs/Exp,146,1450
79117,5000,5832ba19c08149378b9c56e8b5663a08_line.npy,/code/temp/5832ba19c08149378b9c56e8b5663a08_line.npy,line,571,1450
79118,20000,2300d4ac67954bf0b03e28879f9b739c_line.npy,/code/temp/2300d4ac67954bf0b03e28879f9b739c_line.npy,line,571,1450
79121,10000,64bf4037f1c1470c83de4e71602159b8_line.npy,/code/temp/64bf4037f1c1470c83de4e71602159b8_line.npy,line,571,1450
79195,20000,472cb4d4056b41308d57b0debbc83367_line.npy,/code/temp/472cb4d4056b41308d57b0debbc83367_line.npy,line,573,1450
79196,10000,6aacbedbae174f3d9402b1d38f0ff7b0_line.npy,/code/temp/6aacbedbae174f3d9402b1d38f0ff7b0_line.npy,line,573,1450
79199,5000,46a8f37c59da4e14a0b07f44f97c0c5e_line.npy,/code/temp/46a8f37c59da4e14a0b07f44f97c0c5e_line.npy,line,573,1450
69978,50000,a3442e8d8ccd4252b2919d8ecc877ea4_line.npy,/code/temp/a3442e8d8ccd4252b2919d8ecc877ea4_line.npy,line,18,1451
69984,20000,07e4ab86f3074847833078fefdcb2a5d_line.npy,/code/temp/07e4ab86f3074847833078fefdcb2a5d_line.npy,line,18,1451
69988,100000,cf067dfd36334a2987664f2bb6d627c6_line.npy,/code/temp/cf067dfd36334a2987664f2bb6d627c6_line.npy,line,18,1451
70065,20000,5640218685a94747aeb05ca1f43e9f81.npy,/code/temp/5640218685a94747aeb05ca1f43e9f81.npy,ICCF,477,1451
70070,20000,688cdd1e2268488abe37c3799a795807.npy,/code/temp/688cdd1e2268488abe37c3799a795807.npy,Obs/Exp,477,1451
70160,50000,b91c9471ae0847d8b19eeb9bff00361e_line.npy,/code/temp/b91c9471ae0847d8b19eeb9bff00361e_line.npy,line,319,1451
70168,50000,52fdc83752a14304a6d6dd8cf1ec0000_line.npy,/code/temp/52fdc83752a14304a6d6dd8cf1ec0000_line.npy,line,320,1451
70171,20000,5f1a2e9cc3404fe1933ef353f52d0770_line.npy,/code/temp/5f1a2e9cc3404fe1933ef353f52d0770_line.npy,line,319,1451
70180,20000,5b1c8a6ca7074ddab22650ac4fee0f59_line.npy,/code/temp/5b1c8a6ca7074ddab22650ac4fee0f59_line.npy,line,320,1451
70186,100000,3f56f15e99224592928d85d0b24c22de_line.npy,/code/temp/3f56f15e99224592928d85d0b24c22de_line.npy,line,319,1451
70187,100000,47837488b20843188c23ae1f526ad31f_line.npy,/code/temp/47837488b20843188c23ae1f526ad31f_line.npy,line,320,1451
70203,50000,e3af734347cf43a890158588ae607dcf_line.npy,/code/temp/e3af734347cf43a890158588ae607dcf_line.npy,line,10,1451
70211,20000,b0af053b69194d0fa3efa4f144f4607d_line.npy,/code/temp/b0af053b69194d0fa3efa4f144f4607d_line.npy,line,10,1451
70214,50000,04de406c848f413fb4aef28a052d9190_line.npy,/code/temp/04de406c848f413fb4aef28a052d9190_line.npy,line,11,1451
70221,20000,4b57b96313ab44c1b8d949d647f217b7_line.npy,/code/temp/4b57b96313ab44c1b8d949d647f217b7_line.npy,line,11,1451
70223,50000,3abfef10d4144dd696c99e8befe5e6f1_line.npy,/code/temp/3abfef10d4144dd696c99e8befe5e6f1_line.npy,line,163,1451
70231,20000,46eef1cad8a544ecbcde5412bbb43cab_line.npy,/code/temp/46eef1cad8a544ecbcde5412bbb43cab_line.npy,line,163,1451
70232,50000,857feaa14d81484791fdf593ef5509b2_line.npy,/code/temp/857feaa14d81484791fdf593ef5509b2_line.npy,line,165,1451
70236,50000,e2ffcf1026d4400591f50d808f9e86ee_line.npy,/code/temp/e2ffcf1026d4400591f50d808f9e86ee_line.npy,line,460,1451
70242,50000,b1068d432347409a9602494c65138efb_line.npy,/code/temp/b1068d432347409a9602494c65138efb_line.npy,line,461,1451
70247,50000,215d169bd3e44e0ba08a86c45854f72e_line.npy,/code/temp/215d169bd3e44e0ba08a86c45854f72e_line.npy,line,462,1451
70252,50000,6cfe39d490bc4acdb44cc8150be98c7d_line.npy,/code/temp/6cfe39d490bc4acdb44cc8150be98c7d_line.npy,line,466,1451
70257,50000,3c8d00598a884b29a574e755814147a6_line.npy,/code/temp/3c8d00598a884b29a574e755814147a6_line.npy,line,467,1451
70286,20000,1deee2c1fcde4d49a7cc10e3c587e293_line.npy,/code/temp/1deee2c1fcde4d49a7cc10e3c587e293_line.npy,line,165,1451
70288,20000,eb79dfc23ebf494385fd2037c826610d_line.npy,/code/temp/eb79dfc23ebf494385fd2037c826610d_line.npy,line,460,1451
70289,20000,30734969d49847ccb4ab0c5255643465_line.npy,/code/temp/30734969d49847ccb4ab0c5255643465_line.npy,line,461,1451
70290,20000,605b40c485ac42b19a912ab9b7be068d_line.npy,/code/temp/605b40c485ac42b19a912ab9b7be068d_line.npy,line,462,1451
70291,20000,0d5ec66d041149f3b035a72c539a616a_line.npy,/code/temp/0d5ec66d041149f3b035a72c539a616a_line.npy,line,466,1451
70292,20000,685116e43e1a484f97a93dba4442ae79_line.npy,/code/temp/685116e43e1a484f97a93dba4442ae79_line.npy,line,467,1451
70293,100000,f83c9ea0287e4dcb9b751c43e2c2dfb5_line.npy,/code/temp/f83c9ea0287e4dcb9b751c43e2c2dfb5_line.npy,line,10,1451
70294,100000,51323e798fc44f79b97d380b190b865a_line.npy,/code/temp/51323e798fc44f79b97d380b190b865a_line.npy,line,11,1451
70295,100000,c1874cd184e74037a6eac4c9c9c16296_line.npy,/code/temp/c1874cd184e74037a6eac4c9c9c16296_line.npy,line,163,1451
70297,100000,305f922196d14d08b64864748be7a925_line.npy,/code/temp/305f922196d14d08b64864748be7a925_line.npy,line,165,1451
70299,100000,006aaaf42fa84d348be845910a8c2e66_line.npy,/code/temp/006aaaf42fa84d348be845910a8c2e66_line.npy,line,460,1451
70300,100000,55486600bf7248889b7502a263f897bd_line.npy,/code/temp/55486600bf7248889b7502a263f897bd_line.npy,line,461,1451
70302,100000,fb88e5a8f5f44100abb79ed0634016be_line.npy,/code/temp/fb88e5a8f5f44100abb79ed0634016be_line.npy,line,462,1451
70304,100000,83debd5248ee47d68d8531b575e1033c_line.npy,/code/temp/83debd5248ee47d68d8531b575e1033c_line.npy,line,466,1451
70305,100000,451688dc290e4872abdb5bdfce98027a_line.npy,/code/temp/451688dc290e4872abdb5bdfce98027a_line.npy,line,467,1451
70336,20000,3e002a539fa749ed984f2ba54f626414.npy,/code/temp/3e002a539fa749ed984f2ba54f626414.npy,ICCF,146,1451
70338,20000,30472900b28a436ebdc55352d7614eb3.npy,/code/temp/30472900b28a436ebdc55352d7614eb3.npy,Obs/Exp,146,1451
79122,20000,ed383c7da4744fa1af1b92649e820d0d_line.npy,/code/temp/ed383c7da4744fa1af1b92649e820d0d_line.npy,line,571,1451
79123,50000,f031202be1a9494e9fdc061e7e88aaa6_line.npy,/code/temp/f031202be1a9494e9fdc061e7e88aaa6_line.npy,line,571,1451
79127,100000,bf018424fc1c4782b47237889f9cbc99_line.npy,/code/temp/bf018424fc1c4782b47237889f9cbc99_line.npy,line,571,1451
79191,50000,2298730dd99841f1b351af4b97cb31e5_line.npy,/code/temp/2298730dd99841f1b351af4b97cb31e5_line.npy,line,573,1451
79198,20000,280c693c91a74cea8685470c360471ca_line.npy,/code/temp/280c693c91a74cea8685470c360471ca_line.npy,line,573,1451
79201,100000,55a5c5fcc3ee4a62a978381bb57e07df_line.npy,/code/temp/55a5c5fcc3ee4a62a978381bb57e07df_line.npy,line,573,1451
69987,200000,683fe8239bb7420eab958fa24d6fc8ee_line.npy,/code/temp/683fe8239bb7420eab958fa24d6fc8ee_line.npy,line,18,1452
69992,50000,c0a248f024d64b5a9b0b764542d5d605_line.npy,/code/temp/c0a248f024d64b5a9b0b764542d5d605_line.npy,line,18,1452
69993,100000,5e27e7028a0745bdbc073163298d1dd1_line.npy,/code/temp/5e27e7028a0745bdbc073163298d1dd1_line.npy,line,18,1452
70071,50000,44d10ca585244d50ae2532fdcb48aca9.npy,/code/temp/44d10ca585244d50ae2532fdcb48aca9.npy,ICCF,477,1452
70074,50000,4381f8a6862e4dfca0c9721a65f09d94.npy,/code/temp/4381f8a6862e4dfca0c9721a65f09d94.npy,Obs/Exp,477,1452
70197,200000,deb1faeedfb6409bab570366236ccf5d_line.npy,/code/temp/deb1faeedfb6409bab570366236ccf5d_line.npy,line,319,1452
70198,100000,b892b72cd406459b855a27f7f9e98c4d_line.npy,/code/temp/b892b72cd406459b855a27f7f9e98c4d_line.npy,line,319,1452
70199,200000,283ec0b72ea64302b0c306f796b74a2b_line.npy,/code/temp/283ec0b72ea64302b0c306f796b74a2b_line.npy,line,320,1452
70200,50000,0938d18cbc2c443b93a770b48d6e03d5_line.npy,/code/temp/0938d18cbc2c443b93a770b48d6e03d5_line.npy,line,319,1452
70201,100000,39a6ade0f1c54f5090ec5e4d2491406b_line.npy,/code/temp/39a6ade0f1c54f5090ec5e4d2491406b_line.npy,line,320,1452
70202,50000,968d8cae75194d3bae3ec753587da3ae_line.npy,/code/temp/968d8cae75194d3bae3ec753587da3ae_line.npy,line,320,1452
70296,50000,1a139c00628841bbba602c13d58beba6_line.npy,/code/temp/1a139c00628841bbba602c13d58beba6_line.npy,line,10,1452
70298,50000,718f5b194c7b4d24965626dcd1467247_line.npy,/code/temp/718f5b194c7b4d24965626dcd1467247_line.npy,line,11,1452
70301,50000,45b1af1ac4fb4963becf10f9c5059068_line.npy,/code/temp/45b1af1ac4fb4963becf10f9c5059068_line.npy,line,163,1452
70303,50000,8d0203dfc7f044f49c2f37a20db19e7d_line.npy,/code/temp/8d0203dfc7f044f49c2f37a20db19e7d_line.npy,line,165,1452
70306,50000,1ce996b8d5104150aaee69ad34cce536_line.npy,/code/temp/1ce996b8d5104150aaee69ad34cce536_line.npy,line,460,1452
70307,200000,8069057899fd4a0fa0ab619e6dd03404_line.npy,/code/temp/8069057899fd4a0fa0ab619e6dd03404_line.npy,line,10,1452
70308,100000,d95dd3b682104357974b121cab0a53dd_line.npy,/code/temp/d95dd3b682104357974b121cab0a53dd_line.npy,line,10,1452
70309,50000,d9c3429d13394bb99d7526fc20e8c7b8_line.npy,/code/temp/d9c3429d13394bb99d7526fc20e8c7b8_line.npy,line,461,1452
70310,200000,f3d0bfa0ea814b93b0ace69970e18331_line.npy,/code/temp/f3d0bfa0ea814b93b0ace69970e18331_line.npy,line,11,1452
70311,100000,8efbbd3e70bc4df59bcdd2f1e871cd49_line.npy,/code/temp/8efbbd3e70bc4df59bcdd2f1e871cd49_line.npy,line,11,1452
70312,50000,2883e53e5bdd44a1bf0527f9dfc00e39_line.npy,/code/temp/2883e53e5bdd44a1bf0527f9dfc00e39_line.npy,line,462,1452
70313,200000,95023d9f11544b599ac8c8ff13c83dbc_line.npy,/code/temp/95023d9f11544b599ac8c8ff13c83dbc_line.npy,line,163,1452
70314,100000,4dfa249a6bf64197bb71c21b881a337a_line.npy,/code/temp/4dfa249a6bf64197bb71c21b881a337a_line.npy,line,163,1452
70315,200000,5b7342283e874f9abf58ff5185e089c1_line.npy,/code/temp/5b7342283e874f9abf58ff5185e089c1_line.npy,line,165,1452
70316,200000,a7b024cc0c084500ac646a37f4277ca7_line.npy,/code/temp/a7b024cc0c084500ac646a37f4277ca7_line.npy,line,460,1452
70317,50000,745434a857f044b8b709dc2f2d99c183_line.npy,/code/temp/745434a857f044b8b709dc2f2d99c183_line.npy,line,466,1452
70318,100000,c86630cbd2f84aa59db0bb66a6d2b861_line.npy,/code/temp/c86630cbd2f84aa59db0bb66a6d2b861_line.npy,line,165,1452
70319,200000,2ca776a2a8af4cba8d9d59046db1fb7f_line.npy,/code/temp/2ca776a2a8af4cba8d9d59046db1fb7f_line.npy,line,461,1452
70320,50000,edeb01db05b7470cab2d5f6efc30ab9e_line.npy,/code/temp/edeb01db05b7470cab2d5f6efc30ab9e_line.npy,line,467,1452
70321,200000,63acd18c117e4efd9be6ce0f3a9c56e4_line.npy,/code/temp/63acd18c117e4efd9be6ce0f3a9c56e4_line.npy,line,462,1452
70322,100000,bc097000ac564d148fb5b4c85d3f9ff6_line.npy,/code/temp/bc097000ac564d148fb5b4c85d3f9ff6_line.npy,line,460,1452
70323,200000,5f28ca43a40c433ba3e62fef75bfedc5_line.npy,/code/temp/5f28ca43a40c433ba3e62fef75bfedc5_line.npy,line,466,1452
70324,200000,6ce7d044c6c94b17ba56fee22362b402_line.npy,/code/temp/6ce7d044c6c94b17ba56fee22362b402_line.npy,line,467,1452
70325,100000,478ec6f612e2404787f5cf2b055e31d2_line.npy,/code/temp/478ec6f612e2404787f5cf2b055e31d2_line.npy,line,461,1452
70326,100000,27743b1641ec4caa901d39d2be07d846_line.npy,/code/temp/27743b1641ec4caa901d39d2be07d846_line.npy,line,462,1452
70327,100000,230b808c506140f9ad7bbaa0a95fff91_line.npy,/code/temp/230b808c506140f9ad7bbaa0a95fff91_line.npy,line,466,1452
70328,100000,612a7996ba6944ab90a35b43756bccb4_line.npy,/code/temp/612a7996ba6944ab90a35b43756bccb4_line.npy,line,467,1452
70335,50000,6099ee5c16bc4eef82e32ef51f5170cf.npy,/code/temp/6099ee5c16bc4eef82e32ef51f5170cf.npy,ICCF,146,1452
70337,50000,4989d1209af145c59ef0068c7b629d66.npy,/code/temp/4989d1209af145c59ef0068c7b629d66.npy,Obs/Exp,146,1452
79128,50000,155333126ce04cf592cac98f0e8c1881_line.npy,/code/temp/155333126ce04cf592cac98f0e8c1881_line.npy,line,571,1452
79130,100000,b4df5222e5d14829ad39fbf83f9176f6_line.npy,/code/temp/b4df5222e5d14829ad39fbf83f9176f6_line.npy,line,571,1452
79133,200000,6ddba84f2612498793fe33dfad69db16_line.npy,/code/temp/6ddba84f2612498793fe33dfad69db16_line.npy,line,571,1452
79200,200000,7bc8bc321aae494094de2a0487fae340_line.npy,/code/temp/7bc8bc321aae494094de2a0487fae340_line.npy,line,573,1452
79202,50000,b570a90f66fd423fb1aaa5d9c57bfeee_line.npy,/code/temp/b570a90f66fd423fb1aaa5d9c57bfeee_line.npy,line,573,1452
79203,100000,897619a5270e4bb38d8647bb7ab433e4_line.npy,/code/temp/897619a5270e4bb38d8647bb7ab433e4_line.npy,line,573,1452
75549,5000,019f69cb12f94885a8dd74012bbdf10a.npy,/code/temp/019f69cb12f94885a8dd74012bbdf10a.npy,ICCF,146,1562
75552,5000,3a4133cda7c447ef9fe7bb7f935d4cd4.npy,/code/temp/3a4133cda7c447ef9fe7bb7f935d4cd4.npy,Obs/Exp,146,1562
75610,1000,249cc31021c44d5f848fd8cef6a050da_line.npy,/code/temp/249cc31021c44d5f848fd8cef6a050da_line.npy,line,10,1562
75613,2000,e2d015be908449c2b5850b5f9db0e158_line.npy,/code/temp/e2d015be908449c2b5850b5f9db0e158_line.npy,line,10,1562
75620,1000,d17e160531ab4db3a069dd24e997280e_line.npy,/code/temp/d17e160531ab4db3a069dd24e997280e_line.npy,line,11,1562
75621,2000,4ded209a45a4407f81bed870b407c3a8_line.npy,/code/temp/4ded209a45a4407f81bed870b407c3a8_line.npy,line,11,1562
75631,2000,7bff140c408f47848ccc12f38a61f411_line.npy,/code/temp/7bff140c408f47848ccc12f38a61f411_line.npy,line,18,1562
75638,1000,61c4c11c64c84c90bd24718031aeca12_line.npy,/code/temp/61c4c11c64c84c90bd24718031aeca12_line.npy,line,18,1562
75640,2000,ff43cadf24a240f0a1be67590780b61e_line.npy,/code/temp/ff43cadf24a240f0a1be67590780b61e_line.npy,line,163,1562
75641,2000,0615451caa1649c6b7721ae3fdefad46_line.npy,/code/temp/0615451caa1649c6b7721ae3fdefad46_line.npy,line,319,1562
75643,1000,feb02e08248c4989917ad80a78d6b38a_line.npy,/code/temp/feb02e08248c4989917ad80a78d6b38a_line.npy,line,319,1562
75647,2000,0a32077919314ad3b3909e9c2d4913b5_line.npy,/code/temp/0a32077919314ad3b3909e9c2d4913b5_line.npy,line,320,1562
75648,1000,1317eb0a1c2c442987dd4fb60f70a543_line.npy,/code/temp/1317eb0a1c2c442987dd4fb60f70a543_line.npy,line,163,1562
75649,2000,e1ae3d392f7a471684bd8329f0d4fedb_line.npy,/code/temp/e1ae3d392f7a471684bd8329f0d4fedb_line.npy,line,165,1562
75651,1000,1b4a2f07f62649d987e6579121576a80_line.npy,/code/temp/1b4a2f07f62649d987e6579121576a80_line.npy,line,320,1562
75653,2000,88a31b6eeed2453aa9ea5b6edbdbfc38_line.npy,/code/temp/88a31b6eeed2453aa9ea5b6edbdbfc38_line.npy,line,460,1562
75657,1000,3217438f22aa4f97a4bec6d439d74e66_line.npy,/code/temp/3217438f22aa4f97a4bec6d439d74e66_line.npy,line,165,1562
75659,2000,f66b413e61764bc0bf041ff7b0570475_line.npy,/code/temp/f66b413e61764bc0bf041ff7b0570475_line.npy,line,461,1562
75663,2000,53cea5d5adc8413bbd902fe31692e0e9_line.npy,/code/temp/53cea5d5adc8413bbd902fe31692e0e9_line.npy,line,462,1562
75665,1000,ec955b4337204770b2b550f7c100b423_line.npy,/code/temp/ec955b4337204770b2b550f7c100b423_line.npy,line,460,1562
75669,2000,4309f7776ebd47b2944c5ec74694530d_line.npy,/code/temp/4309f7776ebd47b2944c5ec74694530d_line.npy,line,466,1562
75673,2000,4fe605e29e134863a4d6b4e7e40bbb18_line.npy,/code/temp/4fe605e29e134863a4d6b4e7e40bbb18_line.npy,line,467,1562
75674,1000,bd6d64dfbe36497eb24e7080cd9fe009_line.npy,/code/temp/bd6d64dfbe36497eb24e7080cd9fe009_line.npy,line,461,1562
75678,1000,f13911e1a1914fdb9fc471b3c50f2f1f_line.npy,/code/temp/f13911e1a1914fdb9fc471b3c50f2f1f_line.npy,line,462,1562
75680,1000,eebb69e9b8ba44ac83775b0018b1c836_line.npy,/code/temp/eebb69e9b8ba44ac83775b0018b1c836_line.npy,line,466,1562
75681,1000,e45b61bf1f544b898b262a54a5153368_line.npy,/code/temp/e45b61bf1f544b898b262a54a5153368_line.npy,line,467,1562
76028,5000,6b03c7d03e7d4576b84923dff87c82fd.npy,/code/temp/6b03c7d03e7d4576b84923dff87c82fd.npy,ICCF,477,1562
76031,5000,18893d539afe479184927cf96c7c3f73.npy,/code/temp/18893d539afe479184927cf96c7c3f73.npy,Obs/Exp,477,1562
79139,1000,5af4d18026b34e48b37c9c47dea4852a_line.npy,/code/temp/5af4d18026b34e48b37c9c47dea4852a_line.npy,line,571,1562
79140,2000,3ff8804674864875af47acf8e1eb5719_line.npy,/code/temp/3ff8804674864875af47acf8e1eb5719_line.npy,line,571,1562
79205,2000,a71b47eaae8d47e482bb767fa6b75df1_line.npy,/code/temp/a71b47eaae8d47e482bb767fa6b75df1_line.npy,line,573,1562
79211,1000,e1b7ae2d9a39418088746fc9496d8aad_line.npy,/code/temp/e1b7ae2d9a39418088746fc9496d8aad_line.npy,line,573,1562
75548,5000,15b5c0bbe5794286b3bdea6b48cf9937.npy,/code/temp/15b5c0bbe5794286b3bdea6b48cf9937.npy,ICCF,146,1563
75551,5000,2b512ecb421a4ca69972d93941f340aa.npy,/code/temp/2b512ecb421a4ca69972d93941f340aa.npy,Obs/Exp,146,1563
75607,10000,ab142f8d4da34e77b9bb824ceb14068b_line.npy,/code/temp/ab142f8d4da34e77b9bb824ceb14068b_line.npy,line,10,1563
75615,2000,35042fbd108847b6ac559d9743b112e3_line.npy,/code/temp/35042fbd108847b6ac559d9743b112e3_line.npy,line,10,1563
75616,5000,612407f4be7e44209e62d285327227f9_line.npy,/code/temp/612407f4be7e44209e62d285327227f9_line.npy,line,10,1563
75618,10000,a971b145554b4baaa367d807de148fb0_line.npy,/code/temp/a971b145554b4baaa367d807de148fb0_line.npy,line,11,1563
75622,5000,51d5e97deb824bd88d52495b1af91924_line.npy,/code/temp/51d5e97deb824bd88d52495b1af91924_line.npy,line,11,1563
75626,2000,cd1d84aaad174a0082dbfee071bad3f6_line.npy,/code/temp/cd1d84aaad174a0082dbfee071bad3f6_line.npy,line,11,1563
75628,10000,973a39684cec49769f00a5ffb976c228_line.npy,/code/temp/973a39684cec49769f00a5ffb976c228_line.npy,line,18,1563
75630,10000,bb21cafb4c5b4e0d9a1d5a93c737767b_line.npy,/code/temp/bb21cafb4c5b4e0d9a1d5a93c737767b_line.npy,line,319,1563
75632,5000,22cc6353ee4942bba0f8b32469e5de94_line.npy,/code/temp/22cc6353ee4942bba0f8b32469e5de94_line.npy,line,18,1563
75635,10000,705bae52ac9f4783a3ce18f19367e234_line.npy,/code/temp/705bae52ac9f4783a3ce18f19367e234_line.npy,line,163,1563
75636,2000,cb12c3f101b749249e4de2ad5725eb30_line.npy,/code/temp/cb12c3f101b749249e4de2ad5725eb30_line.npy,line,18,1563
75637,5000,fb8e60d80a134dd597b1c671b1bcc929_line.npy,/code/temp/fb8e60d80a134dd597b1c671b1bcc929_line.npy,line,319,1563
75639,10000,829dd51382124f5989001fe2aa8f871b_line.npy,/code/temp/829dd51382124f5989001fe2aa8f871b_line.npy,line,320,1563
75642,5000,2790efbec1cd45a6a09d19036fea0eaf_line.npy,/code/temp/2790efbec1cd45a6a09d19036fea0eaf_line.npy,line,163,1563
75645,5000,0e0b88b2f8a448549f96aabf78bfcefd_line.npy,/code/temp/0e0b88b2f8a448549f96aabf78bfcefd_line.npy,line,320,1563
75646,2000,a29b3a4a9bde4694a3a1c269fa60b9d9_line.npy,/code/temp/a29b3a4a9bde4694a3a1c269fa60b9d9_line.npy,line,163,1563
75650,2000,ddd77a2aa2c045e0a3738c9000650b56_line.npy,/code/temp/ddd77a2aa2c045e0a3738c9000650b56_line.npy,line,319,1563
75652,10000,085cd6e096c14e1a80f8a1b0ef5def5e_line.npy,/code/temp/085cd6e096c14e1a80f8a1b0ef5def5e_line.npy,line,165,1563
75654,5000,357a159170b74cd493a096abe879397d_line.npy,/code/temp/357a159170b74cd493a096abe879397d_line.npy,line,165,1563
75655,2000,e6ead0812f764f549ce4fddff3b041b9_line.npy,/code/temp/e6ead0812f764f549ce4fddff3b041b9_line.npy,line,320,1563
75656,10000,2ff09ce2005e4c4fbdf9ddc3c59d46eb_line.npy,/code/temp/2ff09ce2005e4c4fbdf9ddc3c59d46eb_line.npy,line,460,1563
75658,2000,a780ec020516443582736058da3a85c0_line.npy,/code/temp/a780ec020516443582736058da3a85c0_line.npy,line,165,1563
75660,10000,538bf291f9f24b7ab867f6e9894001a8_line.npy,/code/temp/538bf291f9f24b7ab867f6e9894001a8_line.npy,line,461,1563
75661,5000,d1d9bcca50914ab2b1f0f7ee6851384c_line.npy,/code/temp/d1d9bcca50914ab2b1f0f7ee6851384c_line.npy,line,460,1563
75662,2000,8d7a170f698149509f04df47925e0be1_line.npy,/code/temp/8d7a170f698149509f04df47925e0be1_line.npy,line,460,1563
75664,10000,e3b6d0db989d4b829aaf82280c06f6de_line.npy,/code/temp/e3b6d0db989d4b829aaf82280c06f6de_line.npy,line,462,1563
75666,5000,3f5a1105877f454599db8041a935339b_line.npy,/code/temp/3f5a1105877f454599db8041a935339b_line.npy,line,461,1563
75667,2000,69bb57331cc74596812ed15b07a419f9_line.npy,/code/temp/69bb57331cc74596812ed15b07a419f9_line.npy,line,461,1563
75668,10000,1696bed2c4c7415c895a09b8ac2c22ac_line.npy,/code/temp/1696bed2c4c7415c895a09b8ac2c22ac_line.npy,line,466,1563
75670,5000,e7da8b14cede40db8b137b3134d8792f_line.npy,/code/temp/e7da8b14cede40db8b137b3134d8792f_line.npy,line,462,1563
75671,10000,b734b81560034bf184eae603e0d7c1cd_line.npy,/code/temp/b734b81560034bf184eae603e0d7c1cd_line.npy,line,467,1563
75672,2000,280bff772cf44807b20fb34025331d04_line.npy,/code/temp/280bff772cf44807b20fb34025331d04_line.npy,line,462,1563
75675,5000,bb68f3dfcc434110994519e5103e4aa2_line.npy,/code/temp/bb68f3dfcc434110994519e5103e4aa2_line.npy,line,466,1563
75676,2000,c04f0f04f93e4866a2abd00b13b18909_line.npy,/code/temp/c04f0f04f93e4866a2abd00b13b18909_line.npy,line,466,1563
75677,5000,16891fb2fa284f02a9e6e14f50d17568_line.npy,/code/temp/16891fb2fa284f02a9e6e14f50d17568_line.npy,line,467,1563
75679,2000,862d92ce8f0241dc86d5cac099b70744_line.npy,/code/temp/862d92ce8f0241dc86d5cac099b70744_line.npy,line,467,1563
76036,5000,f63103acd84143e68efa9ec73ca97b68.npy,/code/temp/f63103acd84143e68efa9ec73ca97b68.npy,ICCF,477,1563
76038,5000,f5eb1e3cff9e4b0997b00392c8976f35.npy,/code/temp/f5eb1e3cff9e4b0997b00392c8976f35.npy,Obs/Exp,477,1563
79134,5000,a0646033de2347ca9b6f65ffa9eedd1f_line.npy,/code/temp/a0646033de2347ca9b6f65ffa9eedd1f_line.npy,line,571,1563
79136,10000,c7083b7189584693a9f3ae24aac8a383_line.npy,/code/temp/c7083b7189584693a9f3ae24aac8a383_line.npy,line,571,1563
79143,2000,074f151c4f974650854d207199f74d80_line.npy,/code/temp/074f151c4f974650854d207199f74d80_line.npy,line,571,1563
79204,10000,2240c4adb63d413f9012a6a56c6c6a07_line.npy,/code/temp/2240c4adb63d413f9012a6a56c6c6a07_line.npy,line,573,1563
79207,5000,081197313aba42e7ae3078d20b1d4881_line.npy,/code/temp/081197313aba42e7ae3078d20b1d4881_line.npy,line,573,1563
79208,2000,512c054fb1d446e0b1e21ad2ad434995_line.npy,/code/temp/512c054fb1d446e0b1e21ad2ad434995_line.npy,line,573,1563
75547,10000,d8b6bbb7a7f14e2186613608e2e08e37.npy,/code/temp/d8b6bbb7a7f14e2186613608e2e08e37.npy,ICCF,146,1564
75550,10000,77cfeaaecc7247848aef3b9fbe4c7109.npy,/code/temp/77cfeaaecc7247848aef3b9fbe4c7109.npy,Obs/Exp,146,1564
75685,5000,9f6dc14f635b429e91d0549ed8ee5821_line.npy,/code/temp/9f6dc14f635b429e91d0549ed8ee5821_line.npy,line,319,1564
75686,5000,3e8c5be8661444668d44fb6458811cd0_line.npy,/code/temp/3e8c5be8661444668d44fb6458811cd0_line.npy,line,10,1564
75687,5000,9cce9fb4be2e483a993e4813ccb5d195_line.npy,/code/temp/9cce9fb4be2e483a993e4813ccb5d195_line.npy,line,320,1564
75688,10000,ea6ff7510d3c4dc595a1f55a3eab5088_line.npy,/code/temp/ea6ff7510d3c4dc595a1f55a3eab5088_line.npy,line,10,1564
75689,5000,06c5ca4ff6b24967a5e773c598a00d8e_line.npy,/code/temp/06c5ca4ff6b24967a5e773c598a00d8e_line.npy,line,11,1564
75692,10000,4d78093d2a34482696fe90c2c31d0daa_line.npy,/code/temp/4d78093d2a34482696fe90c2c31d0daa_line.npy,line,11,1564
75694,5000,812f5eb6044f41ecb6f0a254a49c12c3_line.npy,/code/temp/812f5eb6044f41ecb6f0a254a49c12c3_line.npy,line,18,1564
75697,10000,3151f625251543bfa3a7549b80572a1d_line.npy,/code/temp/3151f625251543bfa3a7549b80572a1d_line.npy,line,18,1564
75699,10000,10bfe20e6c1f468189f9c2f54a639e21_line.npy,/code/temp/10bfe20e6c1f468189f9c2f54a639e21_line.npy,line,319,1564
75700,10000,d44a02f19e944ddda63996725e512cb2_line.npy,/code/temp/d44a02f19e944ddda63996725e512cb2_line.npy,line,163,1564
75701,5000,7f718bf30676416cb249a78f4bf96ddc_line.npy,/code/temp/7f718bf30676416cb249a78f4bf96ddc_line.npy,line,163,1564
75702,20000,f6e43e056ba04ba6b7cf4cd83b12c32c_line.npy,/code/temp/f6e43e056ba04ba6b7cf4cd83b12c32c_line.npy,line,319,1564
75703,10000,b7e45c40a0ca427f83dabcbdb9df12c7_line.npy,/code/temp/b7e45c40a0ca427f83dabcbdb9df12c7_line.npy,line,320,1564
75704,20000,8148767fea7c495593b29e4c054177e0_line.npy,/code/temp/8148767fea7c495593b29e4c054177e0_line.npy,line,10,1564
75705,20000,c783abfa7cc94b899eb004c234ca31b6_line.npy,/code/temp/c783abfa7cc94b899eb004c234ca31b6_line.npy,line,320,1564
75706,20000,795e48775a9145fe8de3af6c4419d57c_line.npy,/code/temp/795e48775a9145fe8de3af6c4419d57c_line.npy,line,11,1564
75708,20000,9ced799fee214718913d4385937636f2_line.npy,/code/temp/9ced799fee214718913d4385937636f2_line.npy,line,18,1564
75714,20000,fce6dfb9a2994848a4621df79838fe75_line.npy,/code/temp/fce6dfb9a2994848a4621df79838fe75_line.npy,line,163,1564
75724,10000,e4ccc79d83034dec8b7115643a1792d9_line.npy,/code/temp/e4ccc79d83034dec8b7115643a1792d9_line.npy,line,165,1564
75726,5000,76d40a30a3fe4f81b4f64216f439638c_line.npy,/code/temp/76d40a30a3fe4f81b4f64216f439638c_line.npy,line,165,1564
75729,10000,90e67498ba1d4a06975710ad0e242373_line.npy,/code/temp/90e67498ba1d4a06975710ad0e242373_line.npy,line,460,1564
75731,5000,1a24d26f908542c8b0d6972e348da29b_line.npy,/code/temp/1a24d26f908542c8b0d6972e348da29b_line.npy,line,460,1564
75733,10000,3ed02e78f11046b994c8fbfed25b77f4_line.npy,/code/temp/3ed02e78f11046b994c8fbfed25b77f4_line.npy,line,461,1564
75735,10000,6e62bfb6fd0b45bc90f25cd5788a5d07_line.npy,/code/temp/6e62bfb6fd0b45bc90f25cd5788a5d07_line.npy,line,462,1564
75736,5000,9d71e285b9c74d4db18c87c26b96f7e9_line.npy,/code/temp/9d71e285b9c74d4db18c87c26b96f7e9_line.npy,line,461,1564
75738,10000,175eb1517fd643b789946ead80a4bbff_line.npy,/code/temp/175eb1517fd643b789946ead80a4bbff_line.npy,line,466,1564
75739,20000,a1e74de3e30a4a20ab1150789dd89ac0_line.npy,/code/temp/a1e74de3e30a4a20ab1150789dd89ac0_line.npy,line,165,1564
75741,5000,e4cf2cdab58a44f38befca473b7220d9_line.npy,/code/temp/e4cf2cdab58a44f38befca473b7220d9_line.npy,line,462,1564
75742,10000,0f68eed95f99459384399a7b05f9a660_line.npy,/code/temp/0f68eed95f99459384399a7b05f9a660_line.npy,line,467,1564
75743,20000,86f82bcb67214b3baaf1f780f6763e87_line.npy,/code/temp/86f82bcb67214b3baaf1f780f6763e87_line.npy,line,460,1564
75745,20000,ef2405d70c2845139fac6e9a00fa8521_line.npy,/code/temp/ef2405d70c2845139fac6e9a00fa8521_line.npy,line,461,1564
75746,5000,1950b821df134d00a879729fc4d3ffe5_line.npy,/code/temp/1950b821df134d00a879729fc4d3ffe5_line.npy,line,466,1564
75747,20000,92d2ff5512ad45b39046e04edf25e142_line.npy,/code/temp/92d2ff5512ad45b39046e04edf25e142_line.npy,line,462,1564
75748,5000,a8ee7374f2b84923aae13b2829734169_line.npy,/code/temp/a8ee7374f2b84923aae13b2829734169_line.npy,line,467,1564
75749,20000,6bebb71c6cdf41949d1db35f3e5dcf41_line.npy,/code/temp/6bebb71c6cdf41949d1db35f3e5dcf41_line.npy,line,466,1564
75750,20000,1042f2f0e3d3427b9be8189e5d12a21e_line.npy,/code/temp/1042f2f0e3d3427b9be8189e5d12a21e_line.npy,line,467,1564
76041,10000,a812e417219743aa837fba471e75c122.npy,/code/temp/a812e417219743aa837fba471e75c122.npy,ICCF,477,1564
76044,10000,8611f6123cc247a08338ea1a39ca2b99.npy,/code/temp/8611f6123cc247a08338ea1a39ca2b99.npy,Obs/Exp,477,1564
79144,20000,345232dfb7bd4756b9bcca7b5b6ab4f0_line.npy,/code/temp/345232dfb7bd4756b9bcca7b5b6ab4f0_line.npy,line,571,1564
79145,5000,0a6778dc7f9c488d92660db35a8c3659_line.npy,/code/temp/0a6778dc7f9c488d92660db35a8c3659_line.npy,line,571,1564
79151,10000,4e4d6c89c6934795a62683b72dc375dd_line.npy,/code/temp/4e4d6c89c6934795a62683b72dc375dd_line.npy,line,571,1564
79206,20000,9ff5602ba51542809359f57396a40915_line.npy,/code/temp/9ff5602ba51542809359f57396a40915_line.npy,line,573,1564
79210,10000,92eac4d5135c42f0a096bec5799ea245_line.npy,/code/temp/92eac4d5135c42f0a096bec5799ea245_line.npy,line,573,1564
79213,5000,3b49ee10ba564caeb18de398c4984213_line.npy,/code/temp/3b49ee10ba564caeb18de398c4984213_line.npy,line,573,1564
75553,20000,539bd9babd8b41bcbf938a2c9b20ef5c.npy,/code/temp/539bd9babd8b41bcbf938a2c9b20ef5c.npy,ICCF,146,1565
75555,20000,272506beb6634ed2b05ceabffa8cd4f5.npy,/code/temp/272506beb6634ed2b05ceabffa8cd4f5.npy,Obs/Exp,146,1565
75710,20000,cb5b25ea31a44fe180948f09174c0858_line.npy,/code/temp/cb5b25ea31a44fe180948f09174c0858_line.npy,line,10,1565
75712,50000,b4cc780f0ccf4885b5ae36cf04d6c8bc_line.npy,/code/temp/b4cc780f0ccf4885b5ae36cf04d6c8bc_line.npy,line,10,1565
75716,20000,122414a325134421969bed67dfbdca8d_line.npy,/code/temp/122414a325134421969bed67dfbdca8d_line.npy,line,11,1565
75717,50000,415c42a3ca6a428e84af135f4fddf69d_line.npy,/code/temp/415c42a3ca6a428e84af135f4fddf69d_line.npy,line,11,1565
75719,50000,5be4750909164ed78c5c466c3b46b430_line.npy,/code/temp/5be4750909164ed78c5c466c3b46b430_line.npy,line,18,1565
75720,50000,f536dce1b9714b929e383057dbc499c9_line.npy,/code/temp/f536dce1b9714b929e383057dbc499c9_line.npy,line,319,1565
75721,20000,4e78e8ee7cba4161bdc12af0b35b23b6_line.npy,/code/temp/4e78e8ee7cba4161bdc12af0b35b23b6_line.npy,line,319,1565
75722,20000,ce1699a8d4a041ea998516b9bb70020b_line.npy,/code/temp/ce1699a8d4a041ea998516b9bb70020b_line.npy,line,18,1565
75723,50000,99d12541b1914431b423725f89b7d946_line.npy,/code/temp/99d12541b1914431b423725f89b7d946_line.npy,line,163,1565
75725,50000,0b002124c698422a976fbcbec4a0e07f_line.npy,/code/temp/0b002124c698422a976fbcbec4a0e07f_line.npy,line,320,1565
75727,20000,23f1698103a84b248b983b41236d48a9_line.npy,/code/temp/23f1698103a84b248b983b41236d48a9_line.npy,line,163,1565
75728,20000,b559ebdee13e4d4a817c3c232752959e_line.npy,/code/temp/b559ebdee13e4d4a817c3c232752959e_line.npy,line,320,1565
75730,50000,7e70f22add414067a7935e4e1e12b67a_line.npy,/code/temp/7e70f22add414067a7935e4e1e12b67a_line.npy,line,165,1565
75732,50000,802f2256fcbc44a99eb51746f1853f38_line.npy,/code/temp/802f2256fcbc44a99eb51746f1853f38_line.npy,line,460,1565
75734,50000,fa63b689a1b34611b08c912746b20c01_line.npy,/code/temp/fa63b689a1b34611b08c912746b20c01_line.npy,line,461,1565
75737,50000,c590dfac75524db6be6fa4d2f77fc2bf_line.npy,/code/temp/c590dfac75524db6be6fa4d2f77fc2bf_line.npy,line,462,1565
75740,50000,82725bdded9d460aa92b466cc56aa286_line.npy,/code/temp/82725bdded9d460aa92b466cc56aa286_line.npy,line,466,1565
75744,50000,2b971163d34547d19c69b88a49b95013_line.npy,/code/temp/2b971163d34547d19c69b88a49b95013_line.npy,line,467,1565
75751,20000,2a993d905cf845a593e977d93c4e6aee_line.npy,/code/temp/2a993d905cf845a593e977d93c4e6aee_line.npy,line,165,1565
75754,20000,30e4b5bbe72d4815a9e55732cbd03088_line.npy,/code/temp/30e4b5bbe72d4815a9e55732cbd03088_line.npy,line,460,1565
75756,100000,ce43bfc0b95344f887e8a4dfaf6367cd_line.npy,/code/temp/ce43bfc0b95344f887e8a4dfaf6367cd_line.npy,line,319,1565
75757,100000,ecf75000010140ff9822f9d8ebf55e4c_line.npy,/code/temp/ecf75000010140ff9822f9d8ebf55e4c_line.npy,line,320,1565
75758,20000,1c787712ed40491aac8c4642b2b266c4_line.npy,/code/temp/1c787712ed40491aac8c4642b2b266c4_line.npy,line,461,1565
75759,20000,36595b49f5d84bbf9eaaff25ec6283a0_line.npy,/code/temp/36595b49f5d84bbf9eaaff25ec6283a0_line.npy,line,462,1565
75760,20000,09acdf2e70ab4ee7a39058d32f04ea21_line.npy,/code/temp/09acdf2e70ab4ee7a39058d32f04ea21_line.npy,line,466,1565
75761,100000,dcc743deb3074c32a256f4d79e3af09d_line.npy,/code/temp/dcc743deb3074c32a256f4d79e3af09d_line.npy,line,10,1565
75762,100000,3e8fefe865ad498dbae7d3d50ce00be9_line.npy,/code/temp/3e8fefe865ad498dbae7d3d50ce00be9_line.npy,line,11,1565
75763,20000,e6176f688350470e91dc7780ac80dd06_line.npy,/code/temp/e6176f688350470e91dc7780ac80dd06_line.npy,line,467,1565
75764,100000,9a463d92a52b4f0893fd6eff3c234dcc_line.npy,/code/temp/9a463d92a52b4f0893fd6eff3c234dcc_line.npy,line,18,1565
75766,100000,8a19402dcd6a4b5b908820d6a4408c4a_line.npy,/code/temp/8a19402dcd6a4b5b908820d6a4408c4a_line.npy,line,163,1565
75769,100000,82790268dc574368833f0f452359cbb0_line.npy,/code/temp/82790268dc574368833f0f452359cbb0_line.npy,line,165,1565
75771,100000,3997ea5389634aedb9ee642225d35ca7_line.npy,/code/temp/3997ea5389634aedb9ee642225d35ca7_line.npy,line,460,1565
75773,100000,bcd28fe5dbad4371855970c89293654c_line.npy,/code/temp/bcd28fe5dbad4371855970c89293654c_line.npy,line,461,1565
75774,100000,8431b42235854e10b5ea00b48896ca42_line.npy,/code/temp/8431b42235854e10b5ea00b48896ca42_line.npy,line,462,1565
75775,100000,8bea2bac13324b4da0d9d4a124ff010b_line.npy,/code/temp/8bea2bac13324b4da0d9d4a124ff010b_line.npy,line,466,1565
75777,100000,913bd711ac5c4f5db43077a01b8d6b48_line.npy,/code/temp/913bd711ac5c4f5db43077a01b8d6b48_line.npy,line,467,1565
76048,20000,3d05e99131f143a28a2d23cf10cf2e7d.npy,/code/temp/3d05e99131f143a28a2d23cf10cf2e7d.npy,ICCF,477,1565
76050,20000,90f41b98d773483a8c915bb15b41abea.npy,/code/temp/90f41b98d773483a8c915bb15b41abea.npy,Obs/Exp,477,1565
79148,20000,d97cba4421cc403c918df669fa26cdae_line.npy,/code/temp/d97cba4421cc403c918df669fa26cdae_line.npy,line,571,1565
79149,50000,828796e2feb442ba997c00bfde5dbe3a_line.npy,/code/temp/828796e2feb442ba997c00bfde5dbe3a_line.npy,line,571,1565
79156,100000,c37f7fc88f324c08a39bda856a6b9107_line.npy,/code/temp/c37f7fc88f324c08a39bda856a6b9107_line.npy,line,571,1565
79209,50000,c0cb89a9d967419a9223ac163e5ac9c0_line.npy,/code/temp/c0cb89a9d967419a9223ac163e5ac9c0_line.npy,line,573,1565
79212,20000,f215596bdb3544eeac1468f62d2d37da_line.npy,/code/temp/f215596bdb3544eeac1468f62d2d37da_line.npy,line,573,1565
79215,100000,9b2f29ad449041b8915c292e6d39388b_line.npy,/code/temp/9b2f29ad449041b8915c292e6d39388b_line.npy,line,573,1565
75554,50000,35f58e3c0cf146c39c3bb517785530ae.npy,/code/temp/35f58e3c0cf146c39c3bb517785530ae.npy,ICCF,146,1566
75556,50000,7f5ec62bb79e40bf92bb3c7b3bacdc53.npy,/code/temp/7f5ec62bb79e40bf92bb3c7b3bacdc53.npy,Obs/Exp,146,1566
75770,50000,5345f1e55950444eaaf26fad9e6c81b2_line.npy,/code/temp/5345f1e55950444eaaf26fad9e6c81b2_line.npy,line,319,1566
75772,50000,03a4419d131c4ab4ac619fc9f75fa339_line.npy,/code/temp/03a4419d131c4ab4ac619fc9f75fa339_line.npy,line,320,1566
75776,50000,55016d4c6ab946b3ba32185cb8491894_line.npy,/code/temp/55016d4c6ab946b3ba32185cb8491894_line.npy,line,10,1566
75779,50000,7b5f07f37b004898b430e9e4a6e3160b_line.npy,/code/temp/7b5f07f37b004898b430e9e4a6e3160b_line.npy,line,11,1566
75782,50000,a30cfe4cb0c24597b0b9d956e2b78ec3_line.npy,/code/temp/a30cfe4cb0c24597b0b9d956e2b78ec3_line.npy,line,18,1566
75783,100000,b4860baae0a84a7bb867f4dacd6dc3a3_line.npy,/code/temp/b4860baae0a84a7bb867f4dacd6dc3a3_line.npy,line,319,1566
75784,50000,619f5a0f6c7b4fb1ae71e6ebfa64b861_line.npy,/code/temp/619f5a0f6c7b4fb1ae71e6ebfa64b861_line.npy,line,163,1566
75785,100000,b320614be73e47afac2c2031fd8599d2_line.npy,/code/temp/b320614be73e47afac2c2031fd8599d2_line.npy,line,320,1566
75786,50000,92a2d55af135445786c4d43effabec53_line.npy,/code/temp/92a2d55af135445786c4d43effabec53_line.npy,line,165,1566
75788,100000,710097fd8dbf467fa2b8ea6acf014da0_line.npy,/code/temp/710097fd8dbf467fa2b8ea6acf014da0_line.npy,line,10,1566
75790,50000,de7ec29931b741eaa18ed66a1bd85ce8_line.npy,/code/temp/de7ec29931b741eaa18ed66a1bd85ce8_line.npy,line,460,1566
75791,100000,5685eec8eb1242adb5f597d31e3ed45c_line.npy,/code/temp/5685eec8eb1242adb5f597d31e3ed45c_line.npy,line,11,1566
75793,50000,b9d8b62176ce4b90af09cb4f5027a8eb_line.npy,/code/temp/b9d8b62176ce4b90af09cb4f5027a8eb_line.npy,line,461,1566
75794,200000,28272a8f0a8047f39e3d6d7669926341_line.npy,/code/temp/28272a8f0a8047f39e3d6d7669926341_line.npy,line,319,1566
75795,100000,93f2e8ff882641ed9d8cb7d6a312c196_line.npy,/code/temp/93f2e8ff882641ed9d8cb7d6a312c196_line.npy,line,18,1566
75796,200000,3136c9542be74644b225ccdbd72e1c37_line.npy,/code/temp/3136c9542be74644b225ccdbd72e1c37_line.npy,line,320,1566
75797,50000,c961d0d4b191408298e81a7936f2119c_line.npy,/code/temp/c961d0d4b191408298e81a7936f2119c_line.npy,line,462,1566
75798,100000,27667ee149b8456cb9cbc1d5ef714f5b_line.npy,/code/temp/27667ee149b8456cb9cbc1d5ef714f5b_line.npy,line,163,1566
75799,200000,ef16eaee8a224e328ceea671371659c6_line.npy,/code/temp/ef16eaee8a224e328ceea671371659c6_line.npy,line,10,1566
75800,200000,6c517804334b421799df295c116555f7_line.npy,/code/temp/6c517804334b421799df295c116555f7_line.npy,line,11,1566
75801,50000,e6a1318ce822400284d4e911a8b852dc_line.npy,/code/temp/e6a1318ce822400284d4e911a8b852dc_line.npy,line,466,1566
75802,200000,85a2b83df8ea4f969228731562efcbc1_line.npy,/code/temp/85a2b83df8ea4f969228731562efcbc1_line.npy,line,18,1566
75803,100000,f12f6d025b094bc3b64735e997e1de88_line.npy,/code/temp/f12f6d025b094bc3b64735e997e1de88_line.npy,line,165,1566
75804,50000,f3913a6d3016457cab012d53b2019b4d_line.npy,/code/temp/f3913a6d3016457cab012d53b2019b4d_line.npy,line,467,1566
75805,200000,e728bc58c052457eb665b47f4bee3cf2_line.npy,/code/temp/e728bc58c052457eb665b47f4bee3cf2_line.npy,line,163,1566
75806,200000,a5cec978a3a3468db0345487938a355f_line.npy,/code/temp/a5cec978a3a3468db0345487938a355f_line.npy,line,165,1566
75807,100000,69378f7fc5f045819f933c72876d5f72_line.npy,/code/temp/69378f7fc5f045819f933c72876d5f72_line.npy,line,460,1566
75808,200000,c0c6c536a1c44e6a8af6813398c1c385_line.npy,/code/temp/c0c6c536a1c44e6a8af6813398c1c385_line.npy,line,460,1566
75809,100000,8c004cf92d1a4e38b54211dff08eca74_line.npy,/code/temp/8c004cf92d1a4e38b54211dff08eca74_line.npy,line,461,1566
75810,200000,b4723e61dd284907be5092bd953c43fe_line.npy,/code/temp/b4723e61dd284907be5092bd953c43fe_line.npy,line,461,1566
75811,200000,73dda0e07d1644e9b4be930c8dadaf9b_line.npy,/code/temp/73dda0e07d1644e9b4be930c8dadaf9b_line.npy,line,462,1566
75812,100000,ce41e66908624e8ea91db529b1babbb3_line.npy,/code/temp/ce41e66908624e8ea91db529b1babbb3_line.npy,line,462,1566
75813,200000,fbc0daae56ff462394e20c1c6530dbf9_line.npy,/code/temp/fbc0daae56ff462394e20c1c6530dbf9_line.npy,line,466,1566
75814,100000,0af76511bdee47d8911a8f4883b30482_line.npy,/code/temp/0af76511bdee47d8911a8f4883b30482_line.npy,line,466,1566
75815,200000,f244c2ca1cf04f3780d333e0e69b4743_line.npy,/code/temp/f244c2ca1cf04f3780d333e0e69b4743_line.npy,line,467,1566
75816,100000,8be0854a8f9840e496d02dd73d28387c_line.npy,/code/temp/8be0854a8f9840e496d02dd73d28387c_line.npy,line,467,1566
76055,50000,a4bc5e54cac8417584e72adaa8a15742.npy,/code/temp/a4bc5e54cac8417584e72adaa8a15742.npy,ICCF,477,1566
76056,50000,60f16f638c694a75bf7c71e5931496e1.npy,/code/temp/60f16f638c694a75bf7c71e5931496e1.npy,Obs/Exp,477,1566
79154,200000,27883ddb494047219168747b75cba607_line.npy,/code/temp/27883ddb494047219168747b75cba607_line.npy,line,571,1566
79158,100000,292a75550a934d13a8e8fdc84fc9f203_line.npy,/code/temp/292a75550a934d13a8e8fdc84fc9f203_line.npy,line,571,1566
79160,50000,08e63e610f80445d96c6b8d3fc3d468d_line.npy,/code/temp/08e63e610f80445d96c6b8d3fc3d468d_line.npy,line,571,1566
79214,200000,5319a6bd25d344f7bfa43a526d8c8899_line.npy,/code/temp/5319a6bd25d344f7bfa43a526d8c8899_line.npy,line,573,1566
79216,100000,6ed722be9ec24155a719628c82157637_line.npy,/code/temp/6ed722be9ec24155a719628c82157637_line.npy,line,573,1566
79217,50000,d486afacc32f4123b1a1bd1ab0a9fb3e_line.npy,/code/temp/d486afacc32f4123b1a1bd1ab0a9fb3e_line.npy,line,573,1566
75557,5000,55cf2c130737425c92105db87c17cc1c.npy,/code/temp/55cf2c130737425c92105db87c17cc1c.npy,ICCF,146,1567
75560,5000,8ac09fdf2654434086c1a6028209796e.npy,/code/temp/8ac09fdf2654434086c1a6028209796e.npy,Obs/Exp,146,1567
75819,2000,c4857bba847447ef8a4b6518ea9ba2fe_line.npy,/code/temp/c4857bba847447ef8a4b6518ea9ba2fe_line.npy,line,10,1567
75826,1000,d34871e8b8ce447886842f8c0a8d6454_line.npy,/code/temp/d34871e8b8ce447886842f8c0a8d6454_line.npy,line,10,1567
75830,2000,054da53dd22c4623985d9ccc5b2775ec_line.npy,/code/temp/054da53dd22c4623985d9ccc5b2775ec_line.npy,line,11,1567
75837,1000,262e8f799d0a4e17bb7bf3166b3eb9a5_line.npy,/code/temp/262e8f799d0a4e17bb7bf3166b3eb9a5_line.npy,line,11,1567
75839,2000,21ba3166d07446d29260e9f8be2daad8_line.npy,/code/temp/21ba3166d07446d29260e9f8be2daad8_line.npy,line,18,1567
75849,2000,fd78b4ff31b3476e821db959d7659bc6_line.npy,/code/temp/fd78b4ff31b3476e821db959d7659bc6_line.npy,line,163,1567
75850,1000,656a40e97a694449ad2a5fc6e80c0eeb_line.npy,/code/temp/656a40e97a694449ad2a5fc6e80c0eeb_line.npy,line,18,1567
75852,2000,497a88df78e847639135d68254ee2ac2_line.npy,/code/temp/497a88df78e847639135d68254ee2ac2_line.npy,line,319,1567
75856,1000,ff9c82769ac947ce8b173a1603ca6cb9_line.npy,/code/temp/ff9c82769ac947ce8b173a1603ca6cb9_line.npy,line,319,1567
75857,2000,275b1635c5644314a978550b737445fb_line.npy,/code/temp/275b1635c5644314a978550b737445fb_line.npy,line,165,1567
75858,2000,7507173a6c50434ba066362a53a96490_line.npy,/code/temp/7507173a6c50434ba066362a53a96490_line.npy,line,320,1567
75860,1000,943ec43870974e6b874f32d24d2a2639_line.npy,/code/temp/943ec43870974e6b874f32d24d2a2639_line.npy,line,163,1567
75862,1000,78443424ed654975bb8f952fd1ec883e_line.npy,/code/temp/78443424ed654975bb8f952fd1ec883e_line.npy,line,320,1567
75863,2000,9e6ae32ee62343348ba1d5531c662bc8_line.npy,/code/temp/9e6ae32ee62343348ba1d5531c662bc8_line.npy,line,460,1567
75868,1000,83c51fc1a1c24bc8b799a922a8d88d51_line.npy,/code/temp/83c51fc1a1c24bc8b799a922a8d88d51_line.npy,line,165,1567
75869,2000,185da396c5d94cf4b3bfef3e0f573c08_line.npy,/code/temp/185da396c5d94cf4b3bfef3e0f573c08_line.npy,line,461,1567
75873,2000,6084bee1005542f4a96110ec973518fb_line.npy,/code/temp/6084bee1005542f4a96110ec973518fb_line.npy,line,462,1567
75875,1000,1a6df7d7c63a4167ae0b95232dec4e19_line.npy,/code/temp/1a6df7d7c63a4167ae0b95232dec4e19_line.npy,line,460,1567
75878,2000,358dde795cae436fb20768520878f170_line.npy,/code/temp/358dde795cae436fb20768520878f170_line.npy,line,466,1567
75882,1000,35b470db7a5e45758081e6980e04edf3_line.npy,/code/temp/35b470db7a5e45758081e6980e04edf3_line.npy,line,461,1567
75884,2000,0e80b29e827a4b98a1bcff7d562f3874_line.npy,/code/temp/0e80b29e827a4b98a1bcff7d562f3874_line.npy,line,467,1567
75888,1000,3035ae36a6d54997b1acfca1ed348e71_line.npy,/code/temp/3035ae36a6d54997b1acfca1ed348e71_line.npy,line,462,1567
75890,1000,11d8f8c279a649d09442955f2f7625ed_line.npy,/code/temp/11d8f8c279a649d09442955f2f7625ed_line.npy,line,466,1567
75891,1000,59c93b4f4901432ebb64ead274aa8472_line.npy,/code/temp/59c93b4f4901432ebb64ead274aa8472_line.npy,line,467,1567
76059,5000,91a40946a3e44f798c16b64cae3affd2.npy,/code/temp/91a40946a3e44f798c16b64cae3affd2.npy,ICCF,477,1567
76061,5000,3c1a7e3c20544126a9d65154e164b539.npy,/code/temp/3c1a7e3c20544126a9d65154e164b539.npy,Obs/Exp,477,1567
79163,1000,26cabd2885db466b96749de156f7f4b1_line.npy,/code/temp/26cabd2885db466b96749de156f7f4b1_line.npy,line,571,1567
79169,2000,47d7492d0bd24f0d987b57c8ac93447d_line.npy,/code/temp/47d7492d0bd24f0d987b57c8ac93447d_line.npy,line,571,1567
79219,2000,75f6d9e82bab4153ab9e8050a1ac7f42_line.npy,/code/temp/75f6d9e82bab4153ab9e8050a1ac7f42_line.npy,line,573,1567
79225,1000,e3e466989ccd43189b448b9db99a1225_line.npy,/code/temp/e3e466989ccd43189b448b9db99a1225_line.npy,line,573,1567
75558,5000,9c68afb6a56f4d248807e595f7322ccd.npy,/code/temp/9c68afb6a56f4d248807e595f7322ccd.npy,ICCF,146,1568
75562,5000,309b4bc4df194d2ead7ee2d2d48ade59.npy,/code/temp/309b4bc4df194d2ead7ee2d2d48ade59.npy,Obs/Exp,146,1568
75820,10000,8c5c6ebf893b428db9fa48f3d93b82cc_line.npy,/code/temp/8c5c6ebf893b428db9fa48f3d93b82cc_line.npy,line,10,1568
75822,2000,eb85a3bdcdbf4ab4a21209648d5259cf_line.npy,/code/temp/eb85a3bdcdbf4ab4a21209648d5259cf_line.npy,line,10,1568
75824,5000,bb3cb35f702144c1a397d1e90a8f9b44_line.npy,/code/temp/bb3cb35f702144c1a397d1e90a8f9b44_line.npy,line,10,1568
75829,10000,400a0cf818fa44a8b09adf86882672e2_line.npy,/code/temp/400a0cf818fa44a8b09adf86882672e2_line.npy,line,11,1568
75832,5000,bbb8fd99a37c4ad89f3c786f93b84ec9_line.npy,/code/temp/bbb8fd99a37c4ad89f3c786f93b84ec9_line.npy,line,11,1568
75833,2000,490d76ff7f9d49ae94a3fb5543b473f9_line.npy,/code/temp/490d76ff7f9d49ae94a3fb5543b473f9_line.npy,line,11,1568
75838,10000,6d53cbc7234048e4a099e5a1783a47e8_line.npy,/code/temp/6d53cbc7234048e4a099e5a1783a47e8_line.npy,line,18,1568
75841,10000,d344ec028ac640e2a794181b7158144a_line.npy,/code/temp/d344ec028ac640e2a794181b7158144a_line.npy,line,319,1568
75842,5000,06d38959c9464d6ba2fc678f55360388_line.npy,/code/temp/06d38959c9464d6ba2fc678f55360388_line.npy,line,18,1568
75843,2000,e77ed167f1664f62b7c86cacc59108c9_line.npy,/code/temp/e77ed167f1664f62b7c86cacc59108c9_line.npy,line,18,1568
75844,5000,645d124790d04ceca64abd76a03864f6_line.npy,/code/temp/645d124790d04ceca64abd76a03864f6_line.npy,line,319,1568
75847,10000,503bb4c49d5046cd94738a51f82df897_line.npy,/code/temp/503bb4c49d5046cd94738a51f82df897_line.npy,line,163,1568
75848,10000,eb7d8ec101cd4c0a89558925b30f1ae1_line.npy,/code/temp/eb7d8ec101cd4c0a89558925b30f1ae1_line.npy,line,320,1568
75851,5000,f8396751127d432f9d1f2fea5b15dfb0_line.npy,/code/temp/f8396751127d432f9d1f2fea5b15dfb0_line.npy,line,163,1568
75853,2000,9f35fa0267394b10b6e0a3da0c07ee08_line.npy,/code/temp/9f35fa0267394b10b6e0a3da0c07ee08_line.npy,line,163,1568
75854,5000,dfbdd5c2e31b4477883e2687bce926b7_line.npy,/code/temp/dfbdd5c2e31b4477883e2687bce926b7_line.npy,line,320,1568
75859,2000,80463249103e4e3b89326bf3625ce871_line.npy,/code/temp/80463249103e4e3b89326bf3625ce871_line.npy,line,319,1568
75861,10000,1a0c784cf2df47f793566d18bff3c784_line.npy,/code/temp/1a0c784cf2df47f793566d18bff3c784_line.npy,line,165,1568
75864,5000,5f335aec226c4e399fe1814bca2a5973_line.npy,/code/temp/5f335aec226c4e399fe1814bca2a5973_line.npy,line,165,1568
75865,2000,6c16b363f8e743b2bebf072dd879f013_line.npy,/code/temp/6c16b363f8e743b2bebf072dd879f013_line.npy,line,165,1568
75866,2000,cf7a1de2be3c4720a361fb5ba06253cc_line.npy,/code/temp/cf7a1de2be3c4720a361fb5ba06253cc_line.npy,line,320,1568
75867,10000,ee6656992e0b445593d0fa1d431d2fae_line.npy,/code/temp/ee6656992e0b445593d0fa1d431d2fae_line.npy,line,460,1568
75870,5000,c58d3bc359f94874971bd34d0ac98df8_line.npy,/code/temp/c58d3bc359f94874971bd34d0ac98df8_line.npy,line,460,1568
75871,2000,0d83f9406a3e4afc8e568a6e8ea5ee94_line.npy,/code/temp/0d83f9406a3e4afc8e568a6e8ea5ee94_line.npy,line,460,1568
75872,10000,3dae2c0c49dc45ecafca99a06b79f5fd_line.npy,/code/temp/3dae2c0c49dc45ecafca99a06b79f5fd_line.npy,line,461,1568
75874,10000,42c5478d1daf4862bcde5365f53b8910_line.npy,/code/temp/42c5478d1daf4862bcde5365f53b8910_line.npy,line,462,1568
75876,5000,c3ac8843bf1a4f6ca053f8f5e9ec6416_line.npy,/code/temp/c3ac8843bf1a4f6ca053f8f5e9ec6416_line.npy,line,461,1568
75877,2000,de1bb25d3d654fa0b39cf517ca533454_line.npy,/code/temp/de1bb25d3d654fa0b39cf517ca533454_line.npy,line,461,1568
75879,10000,538732c5888d4ee4a29e410addfdc6fa_line.npy,/code/temp/538732c5888d4ee4a29e410addfdc6fa_line.npy,line,466,1568
75880,5000,57ab67dc05024313a16dc0d185162a18_line.npy,/code/temp/57ab67dc05024313a16dc0d185162a18_line.npy,line,462,1568
75881,2000,e3e5b2c5ef5d49deae7bb193cb2de74d_line.npy,/code/temp/e3e5b2c5ef5d49deae7bb193cb2de74d_line.npy,line,462,1568
75883,10000,b76b200e7dfb4a56b18efd0c9183510d_line.npy,/code/temp/b76b200e7dfb4a56b18efd0c9183510d_line.npy,line,467,1568
75885,5000,14931e083d054a30adaa3745b00f913f_line.npy,/code/temp/14931e083d054a30adaa3745b00f913f_line.npy,line,466,1568
75886,2000,102860b176674d8a836f93e445ee30dd_line.npy,/code/temp/102860b176674d8a836f93e445ee30dd_line.npy,line,466,1568
75887,5000,a1973ca22a7e4c91b45a3d53c6df6872_line.npy,/code/temp/a1973ca22a7e4c91b45a3d53c6df6872_line.npy,line,467,1568
75889,2000,379429f31774470b98c6a9439b6e04ca_line.npy,/code/temp/379429f31774470b98c6a9439b6e04ca_line.npy,line,467,1568
76065,5000,ea92e6e04075454ca765f5b3ed3a72ca.npy,/code/temp/ea92e6e04075454ca765f5b3ed3a72ca.npy,ICCF,477,1568
76068,5000,975cf571233d4de186ed274582ebe8a9.npy,/code/temp/975cf571233d4de186ed274582ebe8a9.npy,Obs/Exp,477,1568
79165,10000,616969bf677a434782889c7fdfc0ccbf_line.npy,/code/temp/616969bf677a434782889c7fdfc0ccbf_line.npy,line,571,1568
79166,5000,de497f8ad08b41698df327e0b655954a_line.npy,/code/temp/de497f8ad08b41698df327e0b655954a_line.npy,line,571,1568
79171,2000,45c99363f53f4d1587b0e8b485f8219a_line.npy,/code/temp/45c99363f53f4d1587b0e8b485f8219a_line.npy,line,571,1568
79218,10000,2058c9ff984641a6a8f79a33627d640f_line.npy,/code/temp/2058c9ff984641a6a8f79a33627d640f_line.npy,line,573,1568
79220,5000,00feddb0ae5748f2a0ef36596eb9233a_line.npy,/code/temp/00feddb0ae5748f2a0ef36596eb9233a_line.npy,line,573,1568
79223,2000,434ec2bd129244e991ba4d3ad56e3d0b_line.npy,/code/temp/434ec2bd129244e991ba4d3ad56e3d0b_line.npy,line,573,1568
75559,10000,d40bf16831f54c748a35fc637fe3e954.npy,/code/temp/d40bf16831f54c748a35fc637fe3e954.npy,ICCF,146,1569
75561,10000,f4aa4d1911d84d0aa7c539a0cc53ed3a.npy,/code/temp/f4aa4d1911d84d0aa7c539a0cc53ed3a.npy,Obs/Exp,146,1569
75895,5000,12eaac61cac34d0cb158e5557a4a4e99_line.npy,/code/temp/12eaac61cac34d0cb158e5557a4a4e99_line.npy,line,319,1569
75896,5000,e58d68060c9346adbabc58d8d9c2bf38_line.npy,/code/temp/e58d68060c9346adbabc58d8d9c2bf38_line.npy,line,320,1569
75897,5000,c5ce84c2b4dd4af6963ede7bd2a6e83f_line.npy,/code/temp/c5ce84c2b4dd4af6963ede7bd2a6e83f_line.npy,line,10,1569
75898,5000,bd0a0ed770d84fd0b9dfcf0b43f23946_line.npy,/code/temp/bd0a0ed770d84fd0b9dfcf0b43f23946_line.npy,line,11,1569
75900,10000,8ec72c99abec492a859540fd42216aaa_line.npy,/code/temp/8ec72c99abec492a859540fd42216aaa_line.npy,line,10,1569
75904,5000,e9dc54c75c0842f78547ce20e1bbc32e_line.npy,/code/temp/e9dc54c75c0842f78547ce20e1bbc32e_line.npy,line,18,1569
75906,10000,7a9293f709a541479b1c6557a1458237_line.npy,/code/temp/7a9293f709a541479b1c6557a1458237_line.npy,line,11,1569
75908,10000,0ed4197f97274bebbc66d8c2e22cfe97_line.npy,/code/temp/0ed4197f97274bebbc66d8c2e22cfe97_line.npy,line,319,1569
75909,10000,1f7dd79d494f4b628cae052ba766ddc1_line.npy,/code/temp/1f7dd79d494f4b628cae052ba766ddc1_line.npy,line,18,1569
75910,20000,a2eb5722c9c34ef8b3b97a2bfdc0c637_line.npy,/code/temp/a2eb5722c9c34ef8b3b97a2bfdc0c637_line.npy,line,319,1569
75911,5000,439f37f70bb44f5bbcb5b15a688d32dc_line.npy,/code/temp/439f37f70bb44f5bbcb5b15a688d32dc_line.npy,line,163,1569
75912,10000,1477b4670297496898d5da1cde66049c_line.npy,/code/temp/1477b4670297496898d5da1cde66049c_line.npy,line,320,1569
75913,10000,bc07b2343eba458199776d2d9a4314fa_line.npy,/code/temp/bc07b2343eba458199776d2d9a4314fa_line.npy,line,163,1569
75915,20000,48a46374234745ad83da0d6c274fef12_line.npy,/code/temp/48a46374234745ad83da0d6c274fef12_line.npy,line,10,1569
75916,20000,6619672621c2442fb38e56974aea2d1c_line.npy,/code/temp/6619672621c2442fb38e56974aea2d1c_line.npy,line,320,1569
75917,20000,86a77b145696453fb4ef3155c9a32d6b_line.npy,/code/temp/86a77b145696453fb4ef3155c9a32d6b_line.npy,line,11,1569
75920,20000,da98e533d233482eb620d507028ab3ce_line.npy,/code/temp/da98e533d233482eb620d507028ab3ce_line.npy,line,18,1569
75924,20000,6cc74c2ca8384aeb8c9d94ee2cb71e6b_line.npy,/code/temp/6cc74c2ca8384aeb8c9d94ee2cb71e6b_line.npy,line,163,1569
75935,5000,ae3ada2c4f9043bb96c656336ce19e74_line.npy,/code/temp/ae3ada2c4f9043bb96c656336ce19e74_line.npy,line,165,1569
75936,10000,d497dce70c2c471693c4a3b700ad4fbc_line.npy,/code/temp/d497dce70c2c471693c4a3b700ad4fbc_line.npy,line,165,1569
75940,10000,6489fa253c1b41d3b5a5af9633eeaa16_line.npy,/code/temp/6489fa253c1b41d3b5a5af9633eeaa16_line.npy,line,460,1569
75941,5000,572f5ef98bc8425591d246b19a8a24f3_line.npy,/code/temp/572f5ef98bc8425591d246b19a8a24f3_line.npy,line,460,1569
75943,10000,712e592b6dfd490899198e2e78c4fa12_line.npy,/code/temp/712e592b6dfd490899198e2e78c4fa12_line.npy,line,461,1569
75945,5000,6ae9cf1e43284feba09eeb006c9a3e5e_line.npy,/code/temp/6ae9cf1e43284feba09eeb006c9a3e5e_line.npy,line,461,1569
75946,20000,c3a8d80dd15240a28549f4f29f362105_line.npy,/code/temp/c3a8d80dd15240a28549f4f29f362105_line.npy,line,165,1569
75947,10000,2efe7cd3f9db49b8ade9a729b7a21855_line.npy,/code/temp/2efe7cd3f9db49b8ade9a729b7a21855_line.npy,line,462,1569
75949,20000,b0b90819e91e4d78a2a758f42c9aa052_line.npy,/code/temp/b0b90819e91e4d78a2a758f42c9aa052_line.npy,line,460,1569
75950,10000,54514c142da04b4fbdbe023df9b7c340_line.npy,/code/temp/54514c142da04b4fbdbe023df9b7c340_line.npy,line,466,1569
75952,5000,6dd784811e7941409dabadc94b490b75_line.npy,/code/temp/6dd784811e7941409dabadc94b490b75_line.npy,line,462,1569
75954,20000,353fa3b0366942248800dbd54244b4cf_line.npy,/code/temp/353fa3b0366942248800dbd54244b4cf_line.npy,line,461,1569
75955,10000,659f8c0efa4a438fb66572c96675111c_line.npy,/code/temp/659f8c0efa4a438fb66572c96675111c_line.npy,line,467,1569
75956,5000,db9fab23e03f4142aeb428f86c372f53_line.npy,/code/temp/db9fab23e03f4142aeb428f86c372f53_line.npy,line,466,1569
75957,20000,ff9d55c7a349465285eb53df4b282c42_line.npy,/code/temp/ff9d55c7a349465285eb53df4b282c42_line.npy,line,462,1569
75958,5000,65022798d4c54d66a53e2fcc6c5bbb77_line.npy,/code/temp/65022798d4c54d66a53e2fcc6c5bbb77_line.npy,line,467,1569
75959,20000,eeaa049f83a64ce4877cee5352683080_line.npy,/code/temp/eeaa049f83a64ce4877cee5352683080_line.npy,line,466,1569
75960,20000,79f4b9c2cd3c45b38134a2d2a77cb0cc_line.npy,/code/temp/79f4b9c2cd3c45b38134a2d2a77cb0cc_line.npy,line,467,1569
76071,10000,b115d337fe454a0c88207d8d6fea3e8d.npy,/code/temp/b115d337fe454a0c88207d8d6fea3e8d.npy,ICCF,477,1569
76149,10000,72469da3b2f946f1b2cfadb7d40363a9.npy,/code/temp/72469da3b2f946f1b2cfadb7d40363a9.npy,Obs/Exp,477,1569
79172,5000,273327e660d5439c9e4cf47eced8c314_line.npy,/code/temp/273327e660d5439c9e4cf47eced8c314_line.npy,line,571,1569
79176,20000,e3a1184282dc4566a810b0faa6c168fa_line.npy,/code/temp/e3a1184282dc4566a810b0faa6c168fa_line.npy,line,571,1569
79178,10000,788046d415f4447dbe60e92ef6934c1f_line.npy,/code/temp/788046d415f4447dbe60e92ef6934c1f_line.npy,line,571,1569
79222,20000,3f379462fa6f45c88cf899a8e6540bf8_line.npy,/code/temp/3f379462fa6f45c88cf899a8e6540bf8_line.npy,line,573,1569
79224,10000,bb753af7acb047cab095f92632e008db_line.npy,/code/temp/bb753af7acb047cab095f92632e008db_line.npy,line,573,1569
79227,5000,b474ea9df5584a8ba04f476c412f5395_line.npy,/code/temp/b474ea9df5584a8ba04f476c412f5395_line.npy,line,573,1569
75563,20000,3667f829c98a4f72a58175455378d6c1.npy,/code/temp/3667f829c98a4f72a58175455378d6c1.npy,ICCF,146,1570
75565,20000,50c5fb4bcbbb4852b05609066773099f.npy,/code/temp/50c5fb4bcbbb4852b05609066773099f.npy,Obs/Exp,146,1570
75921,50000,12040884c43449b99f238e3756c32daa_line.npy,/code/temp/12040884c43449b99f238e3756c32daa_line.npy,line,10,1570
75923,20000,2b3acb2adacb401bb05b57165d787863_line.npy,/code/temp/2b3acb2adacb401bb05b57165d787863_line.npy,line,10,1570
75926,50000,59b3df7b2aa14646ab8b51ad85657fd4_line.npy,/code/temp/59b3df7b2aa14646ab8b51ad85657fd4_line.npy,line,11,1570
75927,20000,3d33fb05b44f48d3821b6f05cd9a2a6e_line.npy,/code/temp/3d33fb05b44f48d3821b6f05cd9a2a6e_line.npy,line,319,1570
75928,20000,27d215f3a2c448b09ad0b4ceb552922b_line.npy,/code/temp/27d215f3a2c448b09ad0b4ceb552922b_line.npy,line,11,1570
75930,50000,1bfe915771b146fa802488b624c87fa4_line.npy,/code/temp/1bfe915771b146fa802488b624c87fa4_line.npy,line,18,1570
75931,50000,0eaf0297de2441f0aa3a023b6720d39c_line.npy,/code/temp/0eaf0297de2441f0aa3a023b6720d39c_line.npy,line,319,1570
75932,20000,b498dc39371548a5ad508646ffd4d738_line.npy,/code/temp/b498dc39371548a5ad508646ffd4d738_line.npy,line,320,1570
75933,20000,4e70f46c0cd84a9da0743bb8285560b4_line.npy,/code/temp/4e70f46c0cd84a9da0743bb8285560b4_line.npy,line,18,1570
75934,50000,27b6310db22346f49656c37d795192d3_line.npy,/code/temp/27b6310db22346f49656c37d795192d3_line.npy,line,163,1570
75937,50000,cd6862714e254a9580626f5a6f257110_line.npy,/code/temp/cd6862714e254a9580626f5a6f257110_line.npy,line,320,1570
75938,50000,b367ac0354a746c08af9d9453c83a3c0_line.npy,/code/temp/b367ac0354a746c08af9d9453c83a3c0_line.npy,line,165,1570
75939,20000,b35124058170445fa37b769b0f33460d_line.npy,/code/temp/b35124058170445fa37b769b0f33460d_line.npy,line,163,1570
75942,50000,5a102c2a69a44f61b0f5e37044476593_line.npy,/code/temp/5a102c2a69a44f61b0f5e37044476593_line.npy,line,460,1570
75944,50000,e816e85c16af4268825f4b0ee03e8c30_line.npy,/code/temp/e816e85c16af4268825f4b0ee03e8c30_line.npy,line,461,1570
75948,50000,fc9ff66c61084c46b6b5de07727e298e_line.npy,/code/temp/fc9ff66c61084c46b6b5de07727e298e_line.npy,line,462,1570
75951,50000,80b556d05911405294bb82f3ffb26e15_line.npy,/code/temp/80b556d05911405294bb82f3ffb26e15_line.npy,line,466,1570
75953,50000,13c63913ace9425aa1363499aff69240_line.npy,/code/temp/13c63913ace9425aa1363499aff69240_line.npy,line,467,1570
75961,20000,79851de92d574e5584233fef7324caf9_line.npy,/code/temp/79851de92d574e5584233fef7324caf9_line.npy,line,165,1570
75962,20000,e3ab812767b144c8825013944187364a_line.npy,/code/temp/e3ab812767b144c8825013944187364a_line.npy,line,460,1570
75963,20000,5f07f615f3e24640b2aa0fc3b5f29d66_line.npy,/code/temp/5f07f615f3e24640b2aa0fc3b5f29d66_line.npy,line,461,1570
75964,20000,e30dce2ecc984dfc9fe31e80fe7f4fea_line.npy,/code/temp/e30dce2ecc984dfc9fe31e80fe7f4fea_line.npy,line,462,1570
75967,20000,ae07929346bf469886d7c04310d11ee5_line.npy,/code/temp/ae07929346bf469886d7c04310d11ee5_line.npy,line,466,1570
75969,100000,78d30e6efbfe4f1793f4cfff897a3da6_line.npy,/code/temp/78d30e6efbfe4f1793f4cfff897a3da6_line.npy,line,319,1570
75970,20000,e8732e4c2e2149c787d23c716a95cdef_line.npy,/code/temp/e8732e4c2e2149c787d23c716a95cdef_line.npy,line,467,1570
75971,100000,631d8823146d4ca8a0f1c8919ced19df_line.npy,/code/temp/631d8823146d4ca8a0f1c8919ced19df_line.npy,line,320,1570
75972,100000,2c340b9072d24ed798ac3dcc0ff6c96d_line.npy,/code/temp/2c340b9072d24ed798ac3dcc0ff6c96d_line.npy,line,10,1570
75973,100000,ff50b849e6464fa2be8ad498766caf51_line.npy,/code/temp/ff50b849e6464fa2be8ad498766caf51_line.npy,line,11,1570
75974,100000,3584178e583e48d39958456a00dfec7c_line.npy,/code/temp/3584178e583e48d39958456a00dfec7c_line.npy,line,18,1570
75975,100000,885dfefdac6e4396af3277167282411a_line.npy,/code/temp/885dfefdac6e4396af3277167282411a_line.npy,line,163,1570
75977,100000,e3485a1b36a44d5d99fb55ae0d909495_line.npy,/code/temp/e3485a1b36a44d5d99fb55ae0d909495_line.npy,line,165,1570
75980,100000,c63f9b622fdf45119da3dd19ff54fc19_line.npy,/code/temp/c63f9b622fdf45119da3dd19ff54fc19_line.npy,line,460,1570
75981,100000,48ac133fb6b54a438bc9262191f20b24_line.npy,/code/temp/48ac133fb6b54a438bc9262191f20b24_line.npy,line,461,1570
75983,100000,c3d3b55309be4cefa19dd441e042edc0_line.npy,/code/temp/c3d3b55309be4cefa19dd441e042edc0_line.npy,line,462,1570
75986,100000,8e994900a38e460a91bfdd39486a36a1_line.npy,/code/temp/8e994900a38e460a91bfdd39486a36a1_line.npy,line,466,1570
75987,100000,b59686062734489b91bcc31fa3c21eb7_line.npy,/code/temp/b59686062734489b91bcc31fa3c21eb7_line.npy,line,467,1570
76221,20000,046e7696b9134da893b37d019d43b221.npy,/code/temp/046e7696b9134da893b37d019d43b221.npy,ICCF,477,1570
76250,20000,90c9f444ed3d494f872487c8a801145e.npy,/code/temp/90c9f444ed3d494f872487c8a801145e.npy,Obs/Exp,477,1570
79177,50000,512e2556813742598ce2c3c00aec8f2d_line.npy,/code/temp/512e2556813742598ce2c3c00aec8f2d_line.npy,line,571,1570
79179,20000,eac41fb245924d34bf87361d4d6328e0_line.npy,/code/temp/eac41fb245924d34bf87361d4d6328e0_line.npy,line,571,1570
79183,100000,a5a6b2f5e44c4d538a1d70d2f5dcd2cc_line.npy,/code/temp/a5a6b2f5e44c4d538a1d70d2f5dcd2cc_line.npy,line,571,1570
79221,50000,097070ee1a82440390d7384b85d9c86d_line.npy,/code/temp/097070ee1a82440390d7384b85d9c86d_line.npy,line,573,1570
79226,20000,449f8850b2a94d179915492a45ad975d_line.npy,/code/temp/449f8850b2a94d179915492a45ad975d_line.npy,line,573,1570
79229,100000,e95a187b848f4750af0ad39141f152cb_line.npy,/code/temp/e95a187b848f4750af0ad39141f152cb_line.npy,line,573,1570
75564,50000,0206a2af60ee43159b3f26592b25c379.npy,/code/temp/0206a2af60ee43159b3f26592b25c379.npy,ICCF,146,1571
75566,50000,ba39c40661cd411181ef6109bd7efd87.npy,/code/temp/ba39c40661cd411181ef6109bd7efd87.npy,Obs/Exp,146,1571
75982,50000,4e1dcc0cd122429d81772b2b220e5b82_line.npy,/code/temp/4e1dcc0cd122429d81772b2b220e5b82_line.npy,line,319,1571
75984,50000,3098862f4277491cbb561aeb3b24096b_line.npy,/code/temp/3098862f4277491cbb561aeb3b24096b_line.npy,line,320,1571
75985,50000,083002a710914544bbc3d911cc7dbad4_line.npy,/code/temp/083002a710914544bbc3d911cc7dbad4_line.npy,line,10,1571
75989,50000,ff60e9d1c89e4b4b801489ca46342dbc_line.npy,/code/temp/ff60e9d1c89e4b4b801489ca46342dbc_line.npy,line,11,1571
75991,50000,c721ddcaf85242309647cc34ca3d2492_line.npy,/code/temp/c721ddcaf85242309647cc34ca3d2492_line.npy,line,18,1571
75993,50000,12b366e5119241c3810c9e46789ebd5f_line.npy,/code/temp/12b366e5119241c3810c9e46789ebd5f_line.npy,line,163,1571
75994,100000,0133d8b81a6e4788989790a2c19c9e5a_line.npy,/code/temp/0133d8b81a6e4788989790a2c19c9e5a_line.npy,line,319,1571
75995,100000,b398132fb3b44f6d8421d074644eaaad_line.npy,/code/temp/b398132fb3b44f6d8421d074644eaaad_line.npy,line,320,1571
75996,50000,8d288d9939044d66b1043dce2d5eec5c_line.npy,/code/temp/8d288d9939044d66b1043dce2d5eec5c_line.npy,line,165,1571
75997,50000,abda177a57554c549210a56aef74745b_line.npy,/code/temp/abda177a57554c549210a56aef74745b_line.npy,line,460,1571
75998,50000,098db8ec06414d5fb4d5a541054a72dc_line.npy,/code/temp/098db8ec06414d5fb4d5a541054a72dc_line.npy,line,461,1571
75999,50000,89e87ef17d564dd7b7d747384263ff72_line.npy,/code/temp/89e87ef17d564dd7b7d747384263ff72_line.npy,line,462,1571
76000,50000,f6bcdcdbd4354e78a4de8d53aaf5b207_line.npy,/code/temp/f6bcdcdbd4354e78a4de8d53aaf5b207_line.npy,line,466,1571
76001,100000,b3d151da042a42108408145f8ac54fd0_line.npy,/code/temp/b3d151da042a42108408145f8ac54fd0_line.npy,line,10,1571
76002,50000,0eb3ad27561a4878b477f947a1d48a6f_line.npy,/code/temp/0eb3ad27561a4878b477f947a1d48a6f_line.npy,line,467,1571
76003,100000,372cdd0773cc4eceb6ea1c3465ae5e27_line.npy,/code/temp/372cdd0773cc4eceb6ea1c3465ae5e27_line.npy,line,11,1571
76006,100000,d1bec01cfbf84b398786125dfb777195_line.npy,/code/temp/d1bec01cfbf84b398786125dfb777195_line.npy,line,18,1571
76008,200000,91398b80c5384fc991db45806e78a16d_line.npy,/code/temp/91398b80c5384fc991db45806e78a16d_line.npy,line,319,1571
76009,100000,b4b956b570de45a1b74486a729671b61_line.npy,/code/temp/b4b956b570de45a1b74486a729671b61_line.npy,line,163,1571
76010,200000,ae8700430d7c40a2b77a693ef5b47475_line.npy,/code/temp/ae8700430d7c40a2b77a693ef5b47475_line.npy,line,10,1571
76011,200000,7450366a4a8e4dc68e8f137dac4c9146_line.npy,/code/temp/7450366a4a8e4dc68e8f137dac4c9146_line.npy,line,320,1571
76012,200000,b865877ebf1a489d850de58aeb361658_line.npy,/code/temp/b865877ebf1a489d850de58aeb361658_line.npy,line,11,1571
76013,100000,1e4fe44f555c4954a0377e0971dbe8a5_line.npy,/code/temp/1e4fe44f555c4954a0377e0971dbe8a5_line.npy,line,165,1571
76014,200000,2eb585991d36456cb217c9cb905803a9_line.npy,/code/temp/2eb585991d36456cb217c9cb905803a9_line.npy,line,18,1571
76015,100000,f2cc4854e5564eb29e6c00c859a6681d_line.npy,/code/temp/f2cc4854e5564eb29e6c00c859a6681d_line.npy,line,460,1571
76016,200000,b92dae76fda342cea2436a6ee3b86003_line.npy,/code/temp/b92dae76fda342cea2436a6ee3b86003_line.npy,line,163,1571
76017,200000,c07f05b1e59c4473a5c9bd034fd27b08_line.npy,/code/temp/c07f05b1e59c4473a5c9bd034fd27b08_line.npy,line,165,1571
76018,100000,10181b18ec4a41c0a50c644e0d32990d_line.npy,/code/temp/10181b18ec4a41c0a50c644e0d32990d_line.npy,line,461,1571
76019,200000,77b25a0678fb4fa2993389196a24c03e_line.npy,/code/temp/77b25a0678fb4fa2993389196a24c03e_line.npy,line,460,1571
76020,200000,0656bf63a1634874878a2a9d1746d4b0_line.npy,/code/temp/0656bf63a1634874878a2a9d1746d4b0_line.npy,line,461,1571
76021,100000,24ba48d00fde411fa0a2bc1139fd1db3_line.npy,/code/temp/24ba48d00fde411fa0a2bc1139fd1db3_line.npy,line,462,1571
76022,200000,57b5733a6e0341ae824ad01994216df9_line.npy,/code/temp/57b5733a6e0341ae824ad01994216df9_line.npy,line,462,1571
76023,100000,85b1f0f375664dd8bcfc8cefea17f0d7_line.npy,/code/temp/85b1f0f375664dd8bcfc8cefea17f0d7_line.npy,line,466,1571
76024,200000,9a32dee8f40747d08eea6254a732b60a_line.npy,/code/temp/9a32dee8f40747d08eea6254a732b60a_line.npy,line,466,1571
76025,100000,b47f58be25df40f4a6b36e3eaed6bfad_line.npy,/code/temp/b47f58be25df40f4a6b36e3eaed6bfad_line.npy,line,467,1571
76026,200000,ec2d758ffd39432ea1e5299334675a15_line.npy,/code/temp/ec2d758ffd39432ea1e5299334675a15_line.npy,line,467,1571
76335,50000,69b50d9176654937ad08b95c1d8bb6d6.npy,/code/temp/69b50d9176654937ad08b95c1d8bb6d6.npy,ICCF,477,1571
76381,50000,a3c5e71f27924f91b5a8a20ef6bc0d3d.npy,/code/temp/a3c5e71f27924f91b5a8a20ef6bc0d3d.npy,Obs/Exp,477,1571
79184,200000,d46d3001d59647b1b81cd5b7135c498f_line.npy,/code/temp/d46d3001d59647b1b81cd5b7135c498f_line.npy,line,571,1571
79187,100000,596725e8294c4c77a8dff3381d2b1376_line.npy,/code/temp/596725e8294c4c77a8dff3381d2b1376_line.npy,line,571,1571
79188,50000,9311d958d1a34b78b7b1635a37c83e90_line.npy,/code/temp/9311d958d1a34b78b7b1635a37c83e90_line.npy,line,571,1571
79228,200000,0e931efbaca145ab93d7b0b29d895b22_line.npy,/code/temp/0e931efbaca145ab93d7b0b29d895b22_line.npy,line,573,1571
79230,50000,3cf34c4049884c0fa2d15af9a92dae91_line.npy,/code/temp/3cf34c4049884c0fa2d15af9a92dae91_line.npy,line,573,1571
79231,100000,26ba97c4aa2843b89b50ee988a4d19b7_line.npy,/code/temp/26ba97c4aa2843b89b50ee988a4d19b7_line.npy,line,573,1571
79233,2000,b2a7f4b7234541bca9aeb6bf8dc0fed0_line.npy,/code/temp/b2a7f4b7234541bca9aeb6bf8dc0fed0_line.npy,line,319,1654
79236,1000,45c4c344d0834752bbbbf4efa1369546_line.npy,/code/temp/45c4c344d0834752bbbbf4efa1369546_line.npy,line,319,1654
79242,2000,b7995d89ed28480e9c42a300e0c915f5_line.npy,/code/temp/b7995d89ed28480e9c42a300e0c915f5_line.npy,line,320,1654
79246,1000,34f370d87057475992bf71f96194bb6a_line.npy,/code/temp/34f370d87057475992bf71f96194bb6a_line.npy,line,320,1654
79377,2000,7f1b922f90ce402da355458c28cc4cde_line.npy,/code/temp/7f1b922f90ce402da355458c28cc4cde_line.npy,line,571,1654
79378,1000,72c52f25092347fbaccf63503a28cdcb_line.npy,/code/temp/72c52f25092347fbaccf63503a28cdcb_line.npy,line,571,1654
79232,10000,dc9a4f74899447c5a9132e137eb2816c_line.npy,/code/temp/dc9a4f74899447c5a9132e137eb2816c_line.npy,line,319,1655
79234,5000,ef42ecf79d6f404ea3e7280a908659f4_line.npy,/code/temp/ef42ecf79d6f404ea3e7280a908659f4_line.npy,line,319,1655
79235,2000,69d324514de14fd8a1ac05b2fec94630_line.npy,/code/temp/69d324514de14fd8a1ac05b2fec94630_line.npy,line,319,1655
79241,10000,20cc3f53a0b641219dfaca7c96d79ead_line.npy,/code/temp/20cc3f53a0b641219dfaca7c96d79ead_line.npy,line,320,1655
79244,5000,fdd7d06bb5b946a2a8d932133687b2d6_line.npy,/code/temp/fdd7d06bb5b946a2a8d932133687b2d6_line.npy,line,320,1655
79245,2000,b8aa2208fbda457a95c76f59bea95de9_line.npy,/code/temp/b8aa2208fbda457a95c76f59bea95de9_line.npy,line,320,1655
79372,10000,ecac2f63193646bd97e337bb2f11c0df_line.npy,/code/temp/ecac2f63193646bd97e337bb2f11c0df_line.npy,line,571,1655
79373,5000,ff050e0369c441f6a3a0f8f21e99e054_line.npy,/code/temp/ff050e0369c441f6a3a0f8f21e99e054_line.npy,line,571,1655
79380,2000,6c09308e0fcf4bbb8dc28768b26d9629_line.npy,/code/temp/6c09308e0fcf4bbb8dc28768b26d9629_line.npy,line,571,1655
79238,20000,aea7983d64e241baafe43c5832bbd192_line.npy,/code/temp/aea7983d64e241baafe43c5832bbd192_line.npy,line,319,1656
79239,10000,35cd883fcb58434fbc8bf8770d78960a_line.npy,/code/temp/35cd883fcb58434fbc8bf8770d78960a_line.npy,line,319,1656
79243,5000,5a8ac3a1961c45b4b63fc51823c5058c_line.npy,/code/temp/5a8ac3a1961c45b4b63fc51823c5058c_line.npy,line,319,1656
79248,20000,828ed122cff14629ac9cf3414812b3c1_line.npy,/code/temp/828ed122cff14629ac9cf3414812b3c1_line.npy,line,320,1656
79249,10000,cbe9a43807f4465fb8f700e93b18fa50_line.npy,/code/temp/cbe9a43807f4465fb8f700e93b18fa50_line.npy,line,320,1656
79251,5000,f772d6bbd29d4f21b98967eed05f9a0c_line.npy,/code/temp/f772d6bbd29d4f21b98967eed05f9a0c_line.npy,line,320,1656
79371,20000,13a31671e1db4e21b453465884fdc481_line.npy,/code/temp/13a31671e1db4e21b453465884fdc481_line.npy,line,571,1656
79375,10000,4d5a39ce12ec4f7a968e18039297cf1f_line.npy,/code/temp/4d5a39ce12ec4f7a968e18039297cf1f_line.npy,line,571,1656
79376,5000,b1926992662e46b19a363df86282cda2_line.npy,/code/temp/b1926992662e46b19a363df86282cda2_line.npy,line,571,1656
79237,50000,23faa873983544a8ac3d9578c5ef28c9_line.npy,/code/temp/23faa873983544a8ac3d9578c5ef28c9_line.npy,line,319,1657
79240,20000,3825994f3e744177855e46fd15ae6f99_line.npy,/code/temp/3825994f3e744177855e46fd15ae6f99_line.npy,line,319,1657
79247,50000,1d885f464fb54f95ab2f85873cf6ec44_line.npy,/code/temp/1d885f464fb54f95ab2f85873cf6ec44_line.npy,line,320,1657
79250,20000,78d10dcc39044189974b31f03f7ce544_line.npy,/code/temp/78d10dcc39044189974b31f03f7ce544_line.npy,line,320,1657
79252,100000,9f4463069b23400c980abf1947962a33_line.npy,/code/temp/9f4463069b23400c980abf1947962a33_line.npy,line,319,1657
79253,100000,9c0adaa26cc940419a66352ae4340039_line.npy,/code/temp/9c0adaa26cc940419a66352ae4340039_line.npy,line,320,1657
79370,50000,f7d425e0ed1a45aabdca2655b1e55d22_line.npy,/code/temp/f7d425e0ed1a45aabdca2655b1e55d22_line.npy,line,571,1657
79374,20000,9a3790b6699e4c02be311f6b06f595f8_line.npy,/code/temp/9a3790b6699e4c02be311f6b06f595f8_line.npy,line,571,1657
79379,100000,92cb39c90f814749841639591717e2fc_line.npy,/code/temp/92cb39c90f814749841639591717e2fc_line.npy,line,571,1657
79254,50000,4e936da2e6284bf7860f81bc69021f70_line.npy,/code/temp/4e936da2e6284bf7860f81bc69021f70_line.npy,line,319,1658
79255,100000,0d9835cc44b741c08a9f042c0c187fd5_line.npy,/code/temp/0d9835cc44b741c08a9f042c0c187fd5_line.npy,line,319,1658
79256,200000,b1d6d20e1ff847939036f5ef16f0669b_line.npy,/code/temp/b1d6d20e1ff847939036f5ef16f0669b_line.npy,line,319,1658
79257,100000,89bbbd8630d54e8894d5466178debca8_line.npy,/code/temp/89bbbd8630d54e8894d5466178debca8_line.npy,line,320,1658
79258,200000,c4365b302b8c47a1a5e29d1298fea81b_line.npy,/code/temp/c4365b302b8c47a1a5e29d1298fea81b_line.npy,line,320,1658
79259,50000,28d8fb908dab4f2fb4191c83ca0f9538_line.npy,/code/temp/28d8fb908dab4f2fb4191c83ca0f9538_line.npy,line,320,1658
79381,200000,31eca5465cb241399affca0f77efe55c_line.npy,/code/temp/31eca5465cb241399affca0f77efe55c_line.npy,line,571,1658
79382,50000,bf936308f5c340e5a62acb9bcc031f75_line.npy,/code/temp/bf936308f5c340e5a62acb9bcc031f75_line.npy,line,571,1658
79383,100000,0f572ac193474392a8e9f277569227fe_line.npy,/code/temp/0f572ac193474392a8e9f277569227fe_line.npy,line,571,1658
79288,5000,27327e7f132944618241d59cdd3cd90b.npy,/code/temp/27327e7f132944618241d59cdd3cd90b.npy,ICCF,146,1659
79291,5000,2aecb21de87f409ca952e15c452c2695.npy,/code/temp/2aecb21de87f409ca952e15c452c2695.npy,Obs/Exp,146,1659
79300,2000,9751ca17a6d845088ac3f35b1c2bc7ca_line.npy,/code/temp/9751ca17a6d845088ac3f35b1c2bc7ca_line.npy,line,320,1659
79301,2000,ca542b8c45a64ad4972c6d22c123ca68_line.npy,/code/temp/ca542b8c45a64ad4972c6d22c123ca68_line.npy,line,573,1659
79302,2000,567484ed9e444e3f87d468c008f7a626_line.npy,/code/temp/567484ed9e444e3f87d468c008f7a626_line.npy,line,319,1659
79305,1000,3c2f581355cf4f34b1d308d70d058c75_line.npy,/code/temp/3c2f581355cf4f34b1d308d70d058c75_line.npy,line,320,1659
79306,1000,c7d68a4cbbaf4c9c808333ccb1f20142_line.npy,/code/temp/c7d68a4cbbaf4c9c808333ccb1f20142_line.npy,line,319,1659
79307,1000,743e7e32a81849b999f2307559ead222_line.npy,/code/temp/743e7e32a81849b999f2307559ead222_line.npy,line,571,1659
79308,2000,c87124e7f8ee421e87bf615698f5bc39_line.npy,/code/temp/c87124e7f8ee421e87bf615698f5bc39_line.npy,line,571,1659
79309,1000,f70853575dff4e14a42493c8f1c696fb_line.npy,/code/temp/f70853575dff4e14a42493c8f1c696fb_line.npy,line,573,1659
79293,5000,b8186a9a220f4725b46ebc465be7c45f.npy,/code/temp/b8186a9a220f4725b46ebc465be7c45f.npy,ICCF,146,1660
79296,5000,722fbaa064b740c4b44c530494c0787a.npy,/code/temp/722fbaa064b740c4b44c530494c0787a.npy,Obs/Exp,146,1660
79303,2000,cff889eb007845e7be37d65a0755ae88_line.npy,/code/temp/cff889eb007845e7be37d65a0755ae88_line.npy,line,320,1660
79304,2000,4d4c8aa8586b4f4e8a85285feba63e4a_line.npy,/code/temp/4d4c8aa8586b4f4e8a85285feba63e4a_line.npy,line,319,1660
79310,5000,8e4ed89d336f45b1b2531f5873d35b3a_line.npy,/code/temp/8e4ed89d336f45b1b2531f5873d35b3a_line.npy,line,571,1660
79311,10000,baf5ad9156fb43e1a84594c4d7c6eb19_line.npy,/code/temp/baf5ad9156fb43e1a84594c4d7c6eb19_line.npy,line,571,1660
79312,5000,1fabc01c28dd47dda13329b3405dbd16_line.npy,/code/temp/1fabc01c28dd47dda13329b3405dbd16_line.npy,line,319,1660
79313,10000,7c2c0c00514f4d708a655d0ff9186f8b_line.npy,/code/temp/7c2c0c00514f4d708a655d0ff9186f8b_line.npy,line,319,1660
79314,10000,0e197a28af29403d97cc7f45e158ac69_line.npy,/code/temp/0e197a28af29403d97cc7f45e158ac69_line.npy,line,320,1660
79315,2000,7652ced3dfc44335ac25b91bb82a2bfc_line.npy,/code/temp/7652ced3dfc44335ac25b91bb82a2bfc_line.npy,line,573,1660
79316,10000,01647290c9a540fd856311556a5cf9be_line.npy,/code/temp/01647290c9a540fd856311556a5cf9be_line.npy,line,573,1660
79317,5000,abeadc94b3ab4cdf9df5fb3f02903d10_line.npy,/code/temp/abeadc94b3ab4cdf9df5fb3f02903d10_line.npy,line,320,1660
79318,5000,aadab722db894b7cafbc5ef8e55c4da3_line.npy,/code/temp/aadab722db894b7cafbc5ef8e55c4da3_line.npy,line,573,1660
79319,2000,db28d64a731441a4a62c64bdf125ec7b_line.npy,/code/temp/db28d64a731441a4a62c64bdf125ec7b_line.npy,line,571,1660
79292,10000,55ce73ff94e04d8fab0b3e86d615939e.npy,/code/temp/55ce73ff94e04d8fab0b3e86d615939e.npy,ICCF,146,1661
79295,10000,dd8ae6ea2ab343c3b1951e45a5c2289c.npy,/code/temp/dd8ae6ea2ab343c3b1951e45a5c2289c.npy,Obs/Exp,146,1661
79320,5000,b341d17de8b74f879aa4460fd20778ce_line.npy,/code/temp/b341d17de8b74f879aa4460fd20778ce_line.npy,line,571,1661
79321,10000,1d2934779b0b42edbd153588fe37ee25_line.npy,/code/temp/1d2934779b0b42edbd153588fe37ee25_line.npy,line,571,1661
79322,10000,2bf17280f6b6409199bb07e5861ddc0f_line.npy,/code/temp/2bf17280f6b6409199bb07e5861ddc0f_line.npy,line,573,1661
79323,10000,1364305fef4d40eeadf3ee290ba5089b_line.npy,/code/temp/1364305fef4d40eeadf3ee290ba5089b_line.npy,line,319,1661
79324,10000,5640f7f3d01248fa95e38f42c7057a7d_line.npy,/code/temp/5640f7f3d01248fa95e38f42c7057a7d_line.npy,line,320,1661
79325,20000,68f0903532944ab7b249157d35eda8c4_line.npy,/code/temp/68f0903532944ab7b249157d35eda8c4_line.npy,line,319,1661
79326,5000,9b4be696c1e146979a52acf15acf09fe_line.npy,/code/temp/9b4be696c1e146979a52acf15acf09fe_line.npy,line,319,1661
79327,20000,d093a72c39474363afaa0befb4d1301b_line.npy,/code/temp/d093a72c39474363afaa0befb4d1301b_line.npy,line,320,1661
79328,5000,1d70e7b341594f2992476210ecffc3d6_line.npy,/code/temp/1d70e7b341594f2992476210ecffc3d6_line.npy,line,320,1661
79329,5000,cfbe23af2d5c4eb0985d600eb1e27985_line.npy,/code/temp/cfbe23af2d5c4eb0985d600eb1e27985_line.npy,line,573,1661
79330,20000,8943524ca0fe4dd5a972cfb14fc034cc_line.npy,/code/temp/8943524ca0fe4dd5a972cfb14fc034cc_line.npy,line,571,1661
79332,20000,cf7a71fc5e2c45a2bb960e1012babce0_line.npy,/code/temp/cf7a71fc5e2c45a2bb960e1012babce0_line.npy,line,573,1661
79294,20000,18bc109ab1e240c49ce94f7bdf7aa522.npy,/code/temp/18bc109ab1e240c49ce94f7bdf7aa522.npy,ICCF,146,1662
79297,20000,be3b235ae1b44bc0a2cd88732c805be2.npy,/code/temp/be3b235ae1b44bc0a2cd88732c805be2.npy,Obs/Exp,146,1662
79331,20000,0ac1a879932b459c95d0b816aa3b0b7a_line.npy,/code/temp/0ac1a879932b459c95d0b816aa3b0b7a_line.npy,line,571,1662
79333,50000,0a988d956c6644d0990bf196b1196815_line.npy,/code/temp/0a988d956c6644d0990bf196b1196815_line.npy,line,571,1662
79334,50000,41f63adaadae4fd1b829aeb355b44be4_line.npy,/code/temp/41f63adaadae4fd1b829aeb355b44be4_line.npy,line,319,1662
79335,50000,eac8efd8af5c427abe869b9309ada925_line.npy,/code/temp/eac8efd8af5c427abe869b9309ada925_line.npy,line,320,1662
79336,20000,fa287d5225384fe1997483c0ef3138ca_line.npy,/code/temp/fa287d5225384fe1997483c0ef3138ca_line.npy,line,573,1662
79337,50000,7aed3a135f2e418e9b880e9841733e34_line.npy,/code/temp/7aed3a135f2e418e9b880e9841733e34_line.npy,line,573,1662
79338,20000,bc764e20453844318922f6192d2e8bff_line.npy,/code/temp/bc764e20453844318922f6192d2e8bff_line.npy,line,320,1662
79339,20000,2a3b813a5bde4d94a891384e8b212741_line.npy,/code/temp/2a3b813a5bde4d94a891384e8b212741_line.npy,line,319,1662
79340,100000,36c0a60ef6124138972bb9a4f13f077f_line.npy,/code/temp/36c0a60ef6124138972bb9a4f13f077f_line.npy,line,319,1662
79341,100000,848fcad654d44fdfa4f61c69f9187cb4_line.npy,/code/temp/848fcad654d44fdfa4f61c69f9187cb4_line.npy,line,320,1662
79342,100000,2863bf84a56d42c58dde7f10b0a94bcf_line.npy,/code/temp/2863bf84a56d42c58dde7f10b0a94bcf_line.npy,line,571,1662
79344,100000,d597d5d605ab4136a9aa333b287f033a_line.npy,/code/temp/d597d5d605ab4136a9aa333b287f033a_line.npy,line,573,1662
79298,50000,1d4bdd20af9b4ca59fc1e00bde4c4e19.npy,/code/temp/1d4bdd20af9b4ca59fc1e00bde4c4e19.npy,ICCF,146,1663
79299,50000,8215f1e992c848109aadbf27b44da83f.npy,/code/temp/8215f1e992c848109aadbf27b44da83f.npy,Obs/Exp,146,1663
79343,50000,10ac0b6c65d8485c89d52c2ab9a5e144_line.npy,/code/temp/10ac0b6c65d8485c89d52c2ab9a5e144_line.npy,line,571,1663
79345,100000,7ee2a57afb8b4815b523c5cefff41b80_line.npy,/code/temp/7ee2a57afb8b4815b523c5cefff41b80_line.npy,line,319,1663
79346,100000,7eb972614f594469b741533fb395a5a7_line.npy,/code/temp/7eb972614f594469b741533fb395a5a7_line.npy,line,320,1663
79347,50000,9577c6261cef4cd3b885d97e9ba1417f_line.npy,/code/temp/9577c6261cef4cd3b885d97e9ba1417f_line.npy,line,319,1663
79348,50000,fa912edb4f944249be3151f5f7a54d09_line.npy,/code/temp/fa912edb4f944249be3151f5f7a54d09_line.npy,line,573,1663
79349,50000,defc2063953441fc959b60922df1b9d6_line.npy,/code/temp/defc2063953441fc959b60922df1b9d6_line.npy,line,320,1663
79350,100000,d8ce2ac191fb431691907ba12085a07b_line.npy,/code/temp/d8ce2ac191fb431691907ba12085a07b_line.npy,line,571,1663
79351,200000,86c8ecb2a62645af965b74d6a628d379_line.npy,/code/temp/86c8ecb2a62645af965b74d6a628d379_line.npy,line,319,1663
79352,200000,41a45798fc834f37ad4c32eea532bf80_line.npy,/code/temp/41a45798fc834f37ad4c32eea532bf80_line.npy,line,571,1663
79353,100000,672b509c505c402384dbe6d394801b44_line.npy,/code/temp/672b509c505c402384dbe6d394801b44_line.npy,line,573,1663
79354,200000,15dc517fe5b042a0a31f8fc9a198ff55_line.npy,/code/temp/15dc517fe5b042a0a31f8fc9a198ff55_line.npy,line,573,1663
79355,200000,3ba9e6d255b048c4ad4ff9dacfea9035_line.npy,/code/temp/3ba9e6d255b048c4ad4ff9dacfea9035_line.npy,line,320,1663
79261,5000,a42f38bdc0eb41bb9bce03993cee1569_line.npy,/code/temp/a42f38bdc0eb41bb9bce03993cee1569_line.npy,line,571,1664
79262,5000,47c88ec83b7f4174a23b1c49a0afc91d_line.npy,/code/temp/47c88ec83b7f4174a23b1c49a0afc91d_line.npy,line,320,1664
79263,5000,0cefa2fc2d9345269f87760a17637d52_line.npy,/code/temp/0cefa2fc2d9345269f87760a17637d52_line.npy,line,319,1664
79264,5000,2e7dc22720be480ebbaaf0e879388dec_line.npy,/code/temp/2e7dc22720be480ebbaaf0e879388dec_line.npy,line,573,1664
79281,5000,d6fa56cfc0b94d569ed32f1de1171dd3.npy,/code/temp/d6fa56cfc0b94d569ed32f1de1171dd3.npy,ICCF,146,1664
79284,5000,f0b7cc44f3674ebc912c6e03c94df00e.npy,/code/temp/f0b7cc44f3674ebc912c6e03c94df00e.npy,Obs/Exp,146,1664
79384,2000,244aeea953b64285a7b86260a1f7e69c.npy,/code/temp/244aeea953b64285a7b86260a1f7e69c.npy,ICCF,146,1664
79385,2000,b3cb822ce43d4177ae0e03fb78ffda38.npy,/code/temp/b3cb822ce43d4177ae0e03fb78ffda38.npy,Obs/Exp,146,1664
79260,5000,37b9d591d9e64a86a07fb818ef725fe4_line.npy,/code/temp/37b9d591d9e64a86a07fb818ef725fe4_line.npy,line,571,1665
79265,5000,a81041e3ab684675ac6fb01a67240065_line.npy,/code/temp/a81041e3ab684675ac6fb01a67240065_line.npy,line,320,1665
79267,5000,7a1a19610b5c4045bc723b5cc8969eee_line.npy,/code/temp/7a1a19610b5c4045bc723b5cc8969eee_line.npy,line,319,1665
79269,5000,1c12b54f019e493c9723b1cdd1c10b46_line.npy,/code/temp/1c12b54f019e493c9723b1cdd1c10b46_line.npy,line,573,1665
79282,5000,2f4b4aa3635645cc94f78f440c0c5857.npy,/code/temp/2f4b4aa3635645cc94f78f440c0c5857.npy,ICCF,146,1665
79285,5000,51168161dcc545d5a939737a72ded433.npy,/code/temp/51168161dcc545d5a939737a72ded433.npy,Obs/Exp,146,1665
79266,10000,28d8abbe9ff94e86a33f0785dddff1d6_line.npy,/code/temp/28d8abbe9ff94e86a33f0785dddff1d6_line.npy,line,571,1666
79268,10000,4efb67d04c394056ac52960fe542b9f0_line.npy,/code/temp/4efb67d04c394056ac52960fe542b9f0_line.npy,line,573,1666
79271,10000,02eaa43ae0254c799dad9988e00db0c7_line.npy,/code/temp/02eaa43ae0254c799dad9988e00db0c7_line.npy,line,319,1666
79273,10000,5c04269335fc4546b925ea6313315bab_line.npy,/code/temp/5c04269335fc4546b925ea6313315bab_line.npy,line,320,1666
79280,10000,d5a9cf609b1b4993aef0070d05905cb4.npy,/code/temp/d5a9cf609b1b4993aef0070d05905cb4.npy,ICCF,146,1666
79283,10000,0dbd1afc4d764220a3849f8b8e9f2107.npy,/code/temp/0dbd1afc4d764220a3849f8b8e9f2107.npy,Obs/Exp,146,1666
79270,20000,a300b4e83eed441ca4de7d62141286b2_line.npy,/code/temp/a300b4e83eed441ca4de7d62141286b2_line.npy,line,571,1667
79277,20000,0441e4e56ac34d4e88338adb9681073d_line.npy,/code/temp/0441e4e56ac34d4e88338adb9681073d_line.npy,line,573,1667
79278,20000,f37573be98f4431188d3e0aedf92c6f2_line.npy,/code/temp/f37573be98f4431188d3e0aedf92c6f2_line.npy,line,319,1667
79279,20000,b0cf8b61d0754f48b034f4e1235b234b_line.npy,/code/temp/b0cf8b61d0754f48b034f4e1235b234b_line.npy,line,320,1667
79286,20000,2edb67b1e5fa4fd6bfad58c8c3a45327.npy,/code/temp/2edb67b1e5fa4fd6bfad58c8c3a45327.npy,ICCF,146,1667
79289,20000,5d6c1325901d4fc5839a02d31b5e6620.npy,/code/temp/5d6c1325901d4fc5839a02d31b5e6620.npy,Obs/Exp,146,1667
79272,50000,1c8015fdda244723a46c8882f27d4c9f_line.npy,/code/temp/1c8015fdda244723a46c8882f27d4c9f_line.npy,line,571,1668
79274,50000,84d0ecd7c6344a8c8c4166994afef289_line.npy,/code/temp/84d0ecd7c6344a8c8c4166994afef289_line.npy,line,573,1668
79275,50000,923afdbeab28424daca51f00d1acf088_line.npy,/code/temp/923afdbeab28424daca51f00d1acf088_line.npy,line,320,1668
79276,50000,55a0b2ae08ef4a10816273b289fe7a9d_line.npy,/code/temp/55a0b2ae08ef4a10816273b289fe7a9d_line.npy,line,319,1668
79287,50000,419c430dcb3f489cb8be907d66923f14.npy,/code/temp/419c430dcb3f489cb8be907d66923f14.npy,ICCF,146,1668
79290,50000,003323a12d1144a6ae7aad67027ca6a2.npy,/code/temp/003323a12d1144a6ae7aad67027ca6a2.npy,Obs/Exp,146,1668
